<metadata xml:lang="en"><Esri><CreaDate>20201030</CreaDate><CreaTime>12221800</CreaTime><ArcGISFormat>1.0</ArcGISFormat><SyncOnce>FALSE</SyncOnce><DataProperties><itemProps><itemName Sync="TRUE">PrecinctMap_2020_Clean</itemName><imsContentType Sync="TRUE">002</imsContentType><itemSize Sync="TRUE">0.000</itemSize><itemLocation><linkage Sync="TRUE">file://\\DESKTOP-R7Q6CCB\C$\Users\aburt\Desktop\SC_Redistricting_Updated\PrecinctMap_2020_Clean.shp</linkage><protocol Sync="TRUE">Local Area Network</protocol></itemLocation></itemProps><coordRef><type Sync="TRUE">Projected</type><geogcsn Sync="TRUE">GCS_North_American_1983</geogcsn><csUnits Sync="TRUE">Linear Unit: Foot (0.304800)</csUnits><projcsn Sync="TRUE">NAD_1983_StatePlane_South_Carolina_FIPS_3900_Feet_Intl</projcsn><peXml Sync="TRUE">&lt;ProjectedCoordinateSystem xsi:type='typens:ProjectedCoordinateSystem' xmlns:xsi='http://www.w3.org/2001/XMLSchema-instance' xmlns:xs='http://www.w3.org/2001/XMLSchema' xmlns:typens='http://www.esri.com/schemas/ArcGIS/2.8.0'&gt;&lt;WKT&gt;PROJCS[&amp;quot;NAD_1983_StatePlane_South_Carolina_FIPS_3900_Feet_Intl&amp;quot;,GEOGCS[&amp;quot;GCS_North_American_1983&amp;quot;,DATUM[&amp;quot;D_North_American_1983&amp;quot;,SPHEROID[&amp;quot;GRS_1980&amp;quot;,6378137.0,298.257222101]],PRIMEM[&amp;quot;Greenwich&amp;quot;,0.0],UNIT[&amp;quot;Degree&amp;quot;,0.0174532925199433]],PROJECTION[&amp;quot;Lambert_Conformal_Conic&amp;quot;],PARAMETER[&amp;quot;False_Easting&amp;quot;,2000000.0],PARAMETER[&amp;quot;False_Northing&amp;quot;,0.0],PARAMETER[&amp;quot;Central_Meridian&amp;quot;,-81.0],PARAMETER[&amp;quot;Standard_Parallel_1&amp;quot;,32.5],PARAMETER[&amp;quot;Standard_Parallel_2&amp;quot;,34.83333333333334],PARAMETER[&amp;quot;Latitude_Of_Origin&amp;quot;,31.83333333333333],UNIT[&amp;quot;Foot&amp;quot;,0.3048],AUTHORITY[&amp;quot;EPSG&amp;quot;,2273]]&lt;/WKT&gt;&lt;XOrigin&gt;-122907600&lt;/XOrigin&gt;&lt;YOrigin&gt;-92800700&lt;/YOrigin&gt;&lt;XYScale&gt;36055449.207017787&lt;/XYScale&gt;&lt;ZOrigin&gt;-100000&lt;/ZOrigin&gt;&lt;ZScale&gt;10000&lt;/ZScale&gt;&lt;MOrigin&gt;-100000&lt;/MOrigin&gt;&lt;MScale&gt;10000&lt;/MScale&gt;&lt;XYTolerance&gt;0.0032808398950131233&lt;/XYTolerance&gt;&lt;ZTolerance&gt;0.001&lt;/ZTolerance&gt;&lt;MTolerance&gt;0.001&lt;/MTolerance&gt;&lt;HighPrecision&gt;true&lt;/HighPrecision&gt;&lt;WKID&gt;2273&lt;/WKID&gt;&lt;LatestWKID&gt;2273&lt;/LatestWKID&gt;&lt;/ProjectedCoordinateSystem&gt;</peXml></coordRef><lineage><Process ToolSource="c:\program files (x86)\arcgis\desktop10.4\ArcToolbox\Toolboxes\Data Management Tools.tbx\CalculateField" Date="20170726" Time="145546">CalculateField Statewide_Precincts_2017 PName [Name] VB #</Process><Process ToolSource="c:\program files (x86)\arcgis\desktop10.4\ArcToolbox\Toolboxes\Data Management Tools.tbx\CalculateField" Date="20170726" Time="145639">CalculateField Statewide_Precincts_2017 County "003" VB #</Process><Process ToolSource="c:\program files (x86)\arcgis\desktop10.4\ArcToolbox\Toolboxes\Data Management Tools.tbx\CalculateField" Date="20170726" Time="145711">CalculateField Statewide_Precincts_2017 County "019" VB #</Process><Process ToolSource="c:\program files (x86)\arcgis\desktop10.4\ArcToolbox\Toolboxes\Data Management Tools.tbx\CalculateField" Date="20170726" Time="145739">CalculateField Statewide_Precincts_2017 County "043" VB #</Process><Process ToolSource="c:\program files (x86)\arcgis\desktop10.4\ArcToolbox\Toolboxes\Data Management Tools.tbx\CalculateField" Date="20170726" Time="145822">CalculateField Statewide_Precincts_2017 County "047" VB #</Process><Process ToolSource="c:\program files (x86)\arcgis\desktop10.4\ArcToolbox\Toolboxes\Data Management Tools.tbx\CalculateField" Date="20170726" Time="145854">CalculateField Statewide_Precincts_2017 County "055" VB #</Process><Process ToolSource="c:\program files (x86)\arcgis\desktop10.4\ArcToolbox\Toolboxes\Data Management Tools.tbx\CalculateField" Date="20170726" Time="145950">CalculateField Statewide_Precincts_2017 Cnty Right( [County],3 ) VB #</Process><Process ToolSource="c:\program files (x86)\arcgis\desktop10.4\ArcToolbox\Toolboxes\Data Management Tools.tbx\CalculateField" Date="20170726" Time="150007">CalculateField Statewide_Precincts_2017 County [Cnty] VB #</Process><Process ToolSource="c:\program files (x86)\arcgis\desktop10.4\ArcToolbox\Toolboxes\Data Management Tools.tbx\CalculateField" Date="20170726" Time="150057">CalculateField Statewide_Precincts_2017 Code_Name [PName] VB #</Process><Process ToolSource="c:\program files (x86)\arcgis\desktop10.4\ArcToolbox\Toolboxes\Data Management Tools.tbx\CalculateField" Date="20170726" Time="150229">CalculateField Statewide_Precincts_2017 PName UCase( [PName]  ) VB #</Process><Process ToolSource="c:\program files (x86)\arcgis\desktop10.4\ArcToolbox\Toolboxes\Data Management Tools.tbx\CalculateField" Date="20170726" Time="150256">CalculateField Statewide_Precincts_2017 Code_Name UCase(  [Code_Name]  ) VB #</Process><Process ToolSource="c:\program files (x86)\arcgis\desktop10.4\ArcToolbox\Toolboxes\Data Management Tools.tbx\CalculateField" Date="20170726" Time="150316">CalculateField Statewide_Precincts_2017 Labels UCase( [Labels]  ) VB #</Process><Process ToolSource="c:\program files (x86)\arcgis\desktop10.4\ArcToolbox\Toolboxes\Data Management Tools.tbx\CalculateField" Date="20171205" Time="083600">CalculateField Statewide_Precincts Labels [PName] VB #</Process><Process ToolSource="c:\program files (x86)\arcgis\desktop10.4\ArcToolbox\Toolboxes\Data Management Tools.tbx\CalculateField" Date="20171205" Time="083800">CalculateField Statewide_Precincts Code_Name [PName] VB #</Process><Process ToolSource="c:\program files (x86)\arcgis\desktop10.4\ArcToolbox\Toolboxes\Data Management Tools.tbx\CalculateField" Date="20171205" Time="083805">CalculateField Statewide_Precincts Labels [PName] VB #</Process><Process ToolSource="c:\program files (x86)\arcgis\desktop10.4\ArcToolbox\Toolboxes\Data Management Tools.tbx\CalculateField" Date="20180126" Time="133416">CalculateField Statewide_Precincts ID "[County] + [PCode]" VB #</Process><Process ToolSource="c:\program files (x86)\arcgis\desktop10.4\ArcToolbox\Toolboxes\Data Management Tools.tbx\CalculateField" Date="20180126" Time="141019">CalculateField Statewide_Precincts PName [Code_Name] VB #</Process><Process ToolSource="c:\program files (x86)\arcgis\desktop10.4\ArcToolbox\Toolboxes\Data Management Tools.tbx\CalculateField" Date="20180126" Time="141912">CalculateField Statewide_Precincts ID "[County] + [PCode]" VB #</Process><Process ToolSource="c:\program files (x86)\arcgis\desktop10.4\ArcToolbox\Toolboxes\Data Management Tools.tbx\CalculateField" Date="20180126" Time="142420">CalculateField Statewide_Precincts PCode_N [PCode] VB #</Process><Process ToolSource="c:\program files (x86)\arcgis\desktop10.6\ArcToolbox\Toolboxes\Data Management Tools.tbx\Merge" Date="20201029" Time="183805">Merge statewide_pre;Proposed_Precincts_1;P-83-20A;P_53_19_Working;P-59-20;P-55-20 C:\Users\victor.frontroth\Documents\ArcGIS\Default.gdb\statewide_pre_Merge "PName "PName" true true false 50 Text 0 0 ,First,#,statewide_pre,PName,-1,-1,P-83-20A,PName,-1,-1,P_53_19_Working,PNAME,-1,-1,P-59-20,PName,-1,-1,P-55-20,PName,-1,-1;PCode "PCode" true true false 3 Text 0 0 ,First,#,statewide_pre,PCode,-1,-1,Proposed_Precincts_1,PCode,-1,-1,P-83-20A,PCode,-1,-1,P-59-20,PCode,-1,-1,P-55-20,PCode,-1,-1;County "County" true true false 5 Text 0 0 ,First,#,statewide_pre,County,-1,-1,P-83-20A,County,-1,-1,P_53_19_Working,County,-1,-1,P-59-20,County,-1,-1,P-55-20,County,-1,-1;Code_Name "Code_Name" true true false 50 Text 0 0 ,First,#,statewide_pre,Code_Name,-1,-1,P-83-20A,Code_Name,-1,-1,P_53_19_Working,Code_Name,-1,-1,P-59-20,Code_Name,-1,-1,P-55-20,Code_Name,-1,-1;Labels "Labels" true true false 50 Text 0 0 ,First,#,statewide_pre,Labels,-1,-1,P-83-20A,Labels,-1,-1,P_53_19_Working,Labels,-1,-1,P-59-20,Labels,-1,-1,P-55-20,Labels,-1,-1;ccBlock_VT "ccBlock_VT" true true false 11 Text 0 0 ,First,#,Proposed_Precincts_1,ccBlock_VT,-1,-1;Name "Name" true true false 35 Text 0 0 ,First,#,Proposed_Precincts_1,Name,-1,-1;Voters "Voters" true true false 8 Text 0 0 ,First,#,P-83-20A,Voters,-1,-1;District "District" true true false 12 Text 0 0 ,First,#,P_53_19_Working,District,-1,-1;ULname "ULname" true true false 30 Text 0 0 ,First,#,P-59-20,ULname,-1,-1"</Process><Process ToolSource="c:\program files (x86)\arcgis\desktop10.6\ArcToolbox\Toolboxes\Data Management Tools.tbx\Merge" Date="20201029" Time="184259">Merge statewide_pre_Merge;statewide_pre C:\Users\victor.frontroth\Documents\ArcGIS\Default.gdb\statewide_pre_Merge_Merge1 "PName "PName" true true false 50 Text 0 0 ,First,#,statewide_pre_Merge,PName,-1,-1,statewide_pre,PName,-1,-1;PCode "PCode" true true false 3 Text 0 0 ,First,#,statewide_pre_Merge,PCode,-1,-1,statewide_pre,PCode,-1,-1;County "County" true true false 5 Text 0 0 ,First,#,statewide_pre_Merge,County,-1,-1,statewide_pre,County,-1,-1;Code_Name "Code_Name" true true false 50 Text 0 0 ,First,#,statewide_pre_Merge,Code_Name,-1,-1,statewide_pre,Code_Name,-1,-1;Labels "Labels" true true false 50 Text 0 0 ,First,#,statewide_pre_Merge,Labels,-1,-1,statewide_pre,Labels,-1,-1;ccBlock_VT "ccBlock_VT" true true false 11 Text 0 0 ,First,#,statewide_pre_Merge,ccBlock_VT,-1,-1;Name "Name" true true false 35 Text 0 0 ,First,#,statewide_pre_Merge,Name,-1,-1;Voters "Voters" true true false 8 Text 0 0 ,First,#,statewide_pre_Merge,Voters,-1,-1;District "District" true true false 12 Text 0 0 ,First,#,statewide_pre_Merge,District,-1,-1;ULname "ULname" true true false 30 Text 0 0 ,First,#,statewide_pre_Merge,ULname,-1,-1;Shape_Length "Shape_Length" false true true 8 Double 0 0 ,First,#,statewide_pre_Merge,Shape_Length,-1,-1;Shape_Area "Shape_Area" false true true 8 Double 0 0 ,First,#,statewide_pre_Merge,Shape_Area,-1,-1"</Process><Process ToolSource="c:\program files (x86)\arcgis\desktop10.6\ArcToolbox\Toolboxes\Data Management Tools.tbx\Merge" Date="20201030" Time="102339">Merge statewide_pre_Merge_Merge1;statewide_pre C:\Users\victor.frontroth\Documents\ArcGIS\Default.gdb\statewide_pre_Merge_Merge1_M "PName "PName" true true false 50 Text 0 0 ,First,#,statewide_pre_Merge_Merge1,PName,-1,-1,statewide_pre,PName,-1,-1;PCode "PCode" true true false 3 Text 0 0 ,First,#,statewide_pre_Merge_Merge1,PCode,-1,-1,statewide_pre,PCode,-1,-1;County "County" true true false 5 Text 0 0 ,First,#,statewide_pre_Merge_Merge1,County,-1,-1,statewide_pre,County,-1,-1;Code_Name "Code_Name" true true false 50 Text 0 0 ,First,#,statewide_pre_Merge_Merge1,Code_Name,-1,-1,statewide_pre,Code_Name,-1,-1;Labels "Labels" true true false 50 Text 0 0 ,First,#,statewide_pre_Merge_Merge1,Labels,-1,-1,statewide_pre,Labels,-1,-1;ccBlock_VT "ccBlock_VT" true true false 11 Text 0 0 ,First,#,statewide_pre_Merge_Merge1,ccBlock_VT,-1,-1;Name "Name" true true false 35 Text 0 0 ,First,#,statewide_pre_Merge_Merge1,Name,-1,-1;Voters "Voters" true true false 8 Text 0 0 ,First,#,statewide_pre_Merge_Merge1,Voters,-1,-1;District "District" true true false 12 Text 0 0 ,First,#,statewide_pre_Merge_Merge1,District,-1,-1;ULname "ULname" true true false 30 Text 0 0 ,First,#,statewide_pre_Merge_Merge1,ULname,-1,-1;Shape_Length "Shape_Length" false true true 8 Double 0 0 ,First,#,statewide_pre_Merge_Merge1,Shape_Length,-1,-1;Shape_Area "Shape_Area" false true true 8 Double 0 0 ,First,#,statewide_pre_Merge_Merge1,Shape_Area,-1,-1"</Process><Process ToolSource="c:\program files (x86)\arcgis\desktop10.6\ArcToolbox\Toolboxes\Data Management Tools.tbx\CalculateField" Date="20201030" Time="114617">CalculateField statewide_pre_Merge_Merge1_M PName !PName!.upper() PYTHON_9.3 #</Process><Process ToolSource="c:\program files (x86)\arcgis\desktop10.6\ArcToolbox\Toolboxes\Data Management Tools.tbx\CalculateField" Date="20201030" Time="120520">CalculateField statewide_pre_Merge_Merge1_M Code_Name !PName!.lower() PYTHON_9.3 #</Process><Process ToolSource="c:\program files (x86)\arcgis\desktop10.6\ArcToolbox\Toolboxes\Data Management Tools.tbx\CalculateField" Date="20201030" Time="120818">CalculateField statewide_pre_Merge_Merge1_M Code_Name !PName!.title() PYTHON_9.3 #</Process><Process ToolSource="c:\program files (x86)\arcgis\desktop10.6\ArcToolbox\Toolboxes\Data Management Tools.tbx\CalculateField" Date="20201030" Time="121225">CalculateField statewide_pre_Merge_Merge1_M Labels !PName! PYTHON_9.3 #</Process><Process ToolSource="c:\program files (x86)\arcgis\desktop10.6\ArcToolbox\Toolboxes\Data Management Tools.tbx\CalculateField" Date="20201030" Time="121334">CalculateField statewide_pre_Merge_Merge1_M Name !Code_Name! PYTHON_9.3 #</Process><Process ToolSource="c:\program files\arcgis\pro\Resources\ArcToolbox\toolboxes\Data Management Tools.tbx\JoinField" Date="20210308" Time="142044">JoinField Precincts_2020 FID Precinct20_Pop_ACS19.csv FID_Statewide_2020 'Precinct Population Est'</Process><Process ToolSource="c:\program files\arcgis\pro\Resources\ArcToolbox\toolboxes\Data Management Tools.tbx\JoinField" Date="20210308" Time="143240">JoinField Precincts_2020 FID Precinct20_Pop_Census10.csv FID_Statewide_2020 'Pop of Prec'</Process><Process ToolSource="c:\program files\arcgis\pro\Resources\ArcToolbox\toolboxes\Data Management Tools.tbx\UpdateSchema" Date="20210308" Time="203117">UpdateSchema "CIMDATA=&lt;CIMStandardDataConnection xsi:type='typens:CIMStandardDataConnection' xmlns:xsi='http://www.w3.org/2001/XMLSchema-instance' xmlns:xs='http://www.w3.org/2001/XMLSchema' xmlns:typens='http://www.esri.com/schemas/ArcGIS/2.7.0'&gt;&lt;WorkspaceConnectionString&gt;DATABASE=C:\Users\blake\Documents\Clemson Materials\Research\Saltzman Research\clemson_redistricting_team-main\precincts_2020&lt;/WorkspaceConnectionString&gt;&lt;WorkspaceFactory&gt;Shapefile&lt;/WorkspaceFactory&gt;&lt;Dataset&gt;Statewide_2020.shp&lt;/Dataset&gt;&lt;DatasetType&gt;esriDTFeatureClass&lt;/DatasetType&gt;&lt;/CIMStandardDataConnection&gt;" &lt;operationSequence&gt;&lt;workflow&gt;&lt;AddField&gt;&lt;field_name&gt;Pop_Diff&lt;/field_name&gt;&lt;field_type&gt;LONG&lt;/field_type&gt;&lt;field_is_nullable&gt;False&lt;/field_is_nullable&gt;&lt;field_is_required&gt;False&lt;/field_is_required&gt;&lt;/AddField&gt;&lt;/workflow&gt;&lt;/operationSequence&gt;</Process><Process ToolSource="c:\program files\arcgis\pro\Resources\ArcToolbox\toolboxes\Data Management Tools.tbx\CalculateField" Date="20210308" Time="203248">CalculateField Precincts_2020 Pop_Diff "!Precinct_P! - !Pop_of_Pre!" "Python 3" # Text</Process><Process ToolSource="c:\program files\arcgis\pro\Resources\ArcToolbox\Toolboxes\Data Management Tools.tbx\UpdateSchema" Date="20210310" Time="181755">UpdateSchema "CIMDATA=&lt;CIMStandardDataConnection xsi:type='typens:CIMStandardDataConnection' xmlns:xsi='http://www.w3.org/2001/XMLSchema-instance' xmlns:xs='http://www.w3.org/2001/XMLSchema' xmlns:typens='http://www.esri.com/schemas/ArcGIS/2.7.0'&gt;&lt;WorkspaceConnectionString&gt;DATABASE=C:\Users\blake\Documents\Clemson Materials\Research\Saltzman Research\clemson_redistricting_team-main\precincts_2020&lt;/WorkspaceConnectionString&gt;&lt;WorkspaceFactory&gt;Shapefile&lt;/WorkspaceFactory&gt;&lt;Dataset&gt;Statewide_2020.shp&lt;/Dataset&gt;&lt;DatasetType&gt;esriDTFeatureClass&lt;/DatasetType&gt;&lt;/CIMStandardDataConnection&gt;" &lt;operationSequence&gt;&lt;workflow&gt;&lt;AddField&gt;&lt;field_name&gt;PD_Percent&lt;/field_name&gt;&lt;field_type&gt;LONG&lt;/field_type&gt;&lt;field_is_nullable&gt;False&lt;/field_is_nullable&gt;&lt;field_is_required&gt;False&lt;/field_is_required&gt;&lt;/AddField&gt;&lt;/workflow&gt;&lt;/operationSequence&gt;</Process><Process ToolSource="c:\program files\arcgis\pro\Resources\ArcToolbox\toolboxes\Data Management Tools.tbx\CalculateField" Date="20210310" Time="183332">CalculateField Precincts_2020 PD_Percent !Pop_Diff!/(!Pop_of_Pre!+1) "Python 3" # Text</Process><Process ToolSource="c:\program files\arcgis\pro\Resources\ArcToolbox\toolboxes\Data Management Tools.tbx\CalculateField" Date="20210310" Time="184245">CalculateField Precincts_2020 PD_Percent !Pop_Diff!/(!Pop_of_Pre!+1) "Python 3" # Text</Process><Process ToolSource="c:\program files\arcgis\pro\Resources\ArcToolbox\toolboxes\Data Management Tools.tbx\CalculateField" Date="20210310" Time="184812">CalculateField Precincts_2020 PD_Percent PercentChange(!Precinct_P!) "Python 3" "# Calculates the percent change for the current row from the previous row for a numeric field
# More calculator examples at esriurl.com/CalculatorExamples
lastValue = 0
def PercentChange(arg):
    newValue = arg
    global lastValue
    if lastValue:
        percentage = (float(newValue - lastValue) / lastValue)  * 100
    else:
        percentage = 0
    lastValue = newValue
    return percentage" Text</Process><Process ToolSource="c:\program files\arcgis\pro\Resources\ArcToolbox\toolboxes\Data Management Tools.tbx\CalculateField" Date="20210310" Time="185216">CalculateField Precincts_2020 PD_Percent PercentChange(!Precinct_P!,!Pop_of_Pre!) "Python 3" "# Calculates the percent change for the current row from the previous row for a numeric field
# More calculator examples at esriurl.com/CalculatorExamples
def PercentChange(arg1,arg2):
    newValue = arg1
    lastValue = arg2
    if lastValue:
        percentage = (float(newValue - lastValue) / lastValue)  * 100
    else:
        percentage = 0
    return percentage" Text</Process><Process ToolSource="c:\program files\arcgis\pro\Resources\ArcToolbox\toolboxes\Data Management Tools.tbx\CalculateField" Date="20210310" Time="185244">CalculateField Precincts_2020 PD_Percent PercentChange(!Precinct_P!,!Pop_of_Pre!) "Python 3" "# Calculates the percent change for the current row from the previous row for a numeric field
# More calculator examples at esriurl.com/CalculatorExamples
def PercentChange(arg1,arg2):
    newValue = arg1
    lastValue = arg2
    if lastValue:
        percentage = (float(newValue - lastValue) / lastValue)  * 100
    else:
        percentage = newValue
    return percentage" Text</Process><Process ToolSource="c:\program files\arcgis\pro\Resources\ArcToolbox\toolboxes\Data Management Tools.tbx\CalculateField" Date="20210310" Time="185313">CalculateField Precincts_2020 PD_Percent PercentChange(!Precinct_P!,!Pop_of_Pre!) "Python 3" "# Calculates the percent change for the current row from the previous row for a numeric field
# More calculator examples at esriurl.com/CalculatorExamples
def PercentChange(arg1,arg2):
    newValue = arg1
    lastValue = arg2
    if lastValue:
        percentage = float(float(newValue - lastValue) / lastValue)  * 100
    else:
        percentage = newValue
    return percentage" Text</Process><Process ToolSource="c:\program files\arcgis\pro\Resources\ArcToolbox\toolboxes\Data Management Tools.tbx\CalculateField" Date="20210310" Time="185336">CalculateField Precincts_2020 PD_Percent PercentChange(!Precinct_P!,!Pop_of_Pre!) "Python 3" "# Calculates the percent change for the current row from the previous row for a numeric field
# More calculator examples at esriurl.com/CalculatorExamples
def PercentChange(arg1,arg2):
    newValue = arg1
    lastValue = arg2
    if lastValue:
        percentage = float(float(newValue - lastValue) / lastValue)  * float(100)
    else:
        percentage = newValue
    return percentage" Text</Process><Process ToolSource="c:\program files\arcgis\pro\Resources\ArcToolbox\toolboxes\Data Management Tools.tbx\CalculateField" Date="20210310" Time="185400">CalculateField Precincts_2020 PD_Percent PercentChange(!Precinct_P!,!Pop_of_Pre!) "Python 3" "# Calculates the percent change for the current row from the previous row for a numeric field
# More calculator examples at esriurl.com/CalculatorExamples
def PercentChange(arg1,arg2):
    newValue = arg1
    lastValue = arg2
    if lastValue:
        percentage = float((float(newValue - lastValue) / lastValue)  * 100)
    else:
        percentage = newValue
    return percentage" Text</Process><Process ToolSource="c:\program files\arcgis\pro\Resources\ArcToolbox\Toolboxes\Data Management Tools.tbx\UpdateSchema" Date="20210320" Time="163559">UpdateSchema "CIMDATA=&lt;CIMStandardDataConnection xsi:type='typens:CIMStandardDataConnection' xmlns:xsi='http://www.w3.org/2001/XMLSchema-instance' xmlns:xs='http://www.w3.org/2001/XMLSchema' xmlns:typens='http://www.esri.com/schemas/ArcGIS/2.7.0'&gt;&lt;WorkspaceConnectionString&gt;DATABASE=C:\Users\blake\Documents\Clemson Materials\Research\Saltzman Research\clemson_redistricting_team\precincts_2020_cleaned&lt;/WorkspaceConnectionString&gt;&lt;WorkspaceFactory&gt;Shapefile&lt;/WorkspaceFactory&gt;&lt;Dataset&gt;Statewide_2020.shp&lt;/Dataset&gt;&lt;DatasetType&gt;esriDTFeatureClass&lt;/DatasetType&gt;&lt;/CIMStandardDataConnection&gt;" &lt;operationSequence&gt;&lt;workflow&gt;&lt;AddField&gt;&lt;field_name&gt;Area&lt;/field_name&gt;&lt;field_type&gt;DOUBLE&lt;/field_type&gt;&lt;field_is_nullable&gt;False&lt;/field_is_nullable&gt;&lt;field_is_required&gt;False&lt;/field_is_required&gt;&lt;/AddField&gt;&lt;/workflow&gt;&lt;/operationSequence&gt;</Process><Process ToolSource="c:\program files\arcgis\pro\Resources\ArcToolbox\toolboxes\Data Management Tools.tbx\UpdateSchema" Date="20210320" Time="164943">UpdateSchema "CIMDATA=&lt;CIMStandardDataConnection xsi:type='typens:CIMStandardDataConnection' xmlns:xsi='http://www.w3.org/2001/XMLSchema-instance' xmlns:xs='http://www.w3.org/2001/XMLSchema' xmlns:typens='http://www.esri.com/schemas/ArcGIS/2.7.0'&gt;&lt;WorkspaceConnectionString&gt;DATABASE=C:\Users\blake\Documents\Clemson Materials\Research\Saltzman Research\clemson_redistricting_team\precincts_2020_cleaned&lt;/WorkspaceConnectionString&gt;&lt;WorkspaceFactory&gt;Shapefile&lt;/WorkspaceFactory&gt;&lt;Dataset&gt;Statewide_2020.shp&lt;/Dataset&gt;&lt;DatasetType&gt;esriDTFeatureClass&lt;/DatasetType&gt;&lt;/CIMStandardDataConnection&gt;" &lt;operationSequence&gt;&lt;workflow&gt;&lt;AddField&gt;&lt;field_name&gt;Perimeter&lt;/field_name&gt;&lt;field_type&gt;DOUBLE&lt;/field_type&gt;&lt;field_is_nullable&gt;False&lt;/field_is_nullable&gt;&lt;field_is_required&gt;False&lt;/field_is_required&gt;&lt;/AddField&gt;&lt;/workflow&gt;&lt;/operationSequence&gt;</Process><Process ToolSource="c:\program files\arcgis\pro\Resources\ArcToolbox\toolboxes\Data Management Tools.tbx\CalculateGeometryAttributes" Date="20210320" Time="165035">CalculateGeometryAttributes Precincts_2020 "Area AREA;Perimeter PERIMETER_LENGTH" Kilometers "Square kilometers" PROJCS['NAD_1983_StatePlane_South_Carolina_FIPS_3900_Feet_Intl',GEOGCS['GCS_North_American_1983',DATUM['D_North_American_1983',SPHEROID['GRS_1980',6378137.0,298.257222101]],PRIMEM['Greenwich',0.0],UNIT['Degree',0.0174532925199433]],PROJECTION['Lambert_Conformal_Conic'],PARAMETER['False_Easting',2000000.0],PARAMETER['False_Northing',0.0],PARAMETER['Central_Meridian',-81.0],PARAMETER['Standard_Parallel_1',32.5],PARAMETER['Standard_Parallel_2',34.83333333333334],PARAMETER['Latitude_Of_Origin',31.83333333333333],UNIT['Foot',0.3048]] "Same as input"</Process><Process ToolSource="c:\program files\arcgis\pro\Resources\ArcToolbox\toolboxes\Data Management Tools.tbx\UpdateSchema" Date="20210320" Time="165200">UpdateSchema "CIMDATA=&lt;CIMStandardDataConnection xsi:type='typens:CIMStandardDataConnection' xmlns:xsi='http://www.w3.org/2001/XMLSchema-instance' xmlns:xs='http://www.w3.org/2001/XMLSchema' xmlns:typens='http://www.esri.com/schemas/ArcGIS/2.7.0'&gt;&lt;WorkspaceConnectionString&gt;DATABASE=C:\Users\blake\Documents\Clemson Materials\Research\Saltzman Research\clemson_redistricting_team\precincts_2020_cleaned&lt;/WorkspaceConnectionString&gt;&lt;WorkspaceFactory&gt;Shapefile&lt;/WorkspaceFactory&gt;&lt;Dataset&gt;Statewide_2020.shp&lt;/Dataset&gt;&lt;DatasetType&gt;esriDTFeatureClass&lt;/DatasetType&gt;&lt;/CIMStandardDataConnection&gt;" &lt;operationSequence&gt;&lt;workflow&gt;&lt;AddField&gt;&lt;field_name&gt;PPComp&lt;/field_name&gt;&lt;field_type&gt;DOUBLE&lt;/field_type&gt;&lt;field_is_nullable&gt;False&lt;/field_is_nullable&gt;&lt;field_is_required&gt;False&lt;/field_is_required&gt;&lt;/AddField&gt;&lt;/workflow&gt;&lt;/operationSequence&gt;</Process><Process ToolSource="c:\program files\arcgis\pro\Resources\ArcToolbox\toolboxes\Data Management Tools.tbx\UpdateSchema" Date="20210320" Time="165410">UpdateSchema "CIMDATA=&lt;CIMStandardDataConnection xsi:type='typens:CIMStandardDataConnection' xmlns:xsi='http://www.w3.org/2001/XMLSchema-instance' xmlns:xs='http://www.w3.org/2001/XMLSchema' xmlns:typens='http://www.esri.com/schemas/ArcGIS/2.7.0'&gt;&lt;WorkspaceConnectionString&gt;DATABASE=C:\Users\blake\Documents\Clemson Materials\Research\Saltzman Research\clemson_redistricting_team\precincts_2020_cleaned&lt;/WorkspaceConnectionString&gt;&lt;WorkspaceFactory&gt;Shapefile&lt;/WorkspaceFactory&gt;&lt;Dataset&gt;Statewide_2020.shp&lt;/Dataset&gt;&lt;DatasetType&gt;esriDTFeatureClass&lt;/DatasetType&gt;&lt;/CIMStandardDataConnection&gt;" &lt;operationSequence&gt;&lt;workflow&gt;&lt;DeleteField&gt;&lt;field_name&gt;PPComp&lt;/field_name&gt;&lt;/DeleteField&gt;&lt;/workflow&gt;&lt;workflow&gt;&lt;AddField&gt;&lt;field_name&gt;InvPPComp&lt;/field_name&gt;&lt;field_type&gt;DOUBLE&lt;/field_type&gt;&lt;field_is_nullable&gt;False&lt;/field_is_nullable&gt;&lt;field_is_required&gt;False&lt;/field_is_required&gt;&lt;/AddField&gt;&lt;/workflow&gt;&lt;/operationSequence&gt;</Process><Process ToolSource="c:\program files\arcgis\pro\Resources\ArcToolbox\toolboxes\Data Management Tools.tbx\CalculateField" Date="20210320" Time="165522">CalculateField Precincts_2020 InvPPComp 4*3.1415*!Area!/(!Perimeter!*!Perimeter!) "Python 3" # Text</Process><Process ToolSource="c:\program files\arcgis\pro\Resources\ArcToolbox\toolboxes\Data Management Tools.tbx\CalculateField" Date="20210320" Time="165606">CalculateField Precincts_2020 InvPPComp (!Perimeter!*!Perimeter!)/(4*3.1415*!Area!) "Python 3" # Text</Process><Process ToolSource="c:\program files\arcgis\pro\Resources\ArcToolbox\toolboxes\Data Management Tools.tbx\CalculateGeometryAttributes" Date="20210320" Time="171311">CalculateGeometryAttributes Precincts_2020 "Area AREA;Perimeter PERIMETER_LENGTH" Kilometers "Square kilometers" PROJCS['NAD_1983_StatePlane_South_Carolina_FIPS_3900_Feet_Intl',GEOGCS['GCS_North_American_1983',DATUM['D_North_American_1983',SPHEROID['GRS_1980',6378137.0,298.257222101]],PRIMEM['Greenwich',0.0],UNIT['Degree',0.0174532925199433]],PROJECTION['Lambert_Conformal_Conic'],PARAMETER['False_Easting',2000000.0],PARAMETER['False_Northing',0.0],PARAMETER['Central_Meridian',-81.0],PARAMETER['Standard_Parallel_1',32.5],PARAMETER['Standard_Parallel_2',34.83333333333334],PARAMETER['Latitude_Of_Origin',31.83333333333333],UNIT['Foot',0.3048]] "Same as input"</Process><Process ToolSource="c:\program files\arcgis\pro\Resources\ArcToolbox\toolboxes\Data Management Tools.tbx\CalculateField" Date="20210320" Time="171340">CalculateField Precincts_2020 InvPPComp (!Perimeter!*!Perimeter!)/(4*3.1415*!Area!) "Python 3" # Text</Process><Process ToolSource="c:\program files\arcgis\pro\Resources\ArcToolbox\toolboxes\Data Management Tools.tbx\UpdateSchema" Date="20210320" Time="171614">UpdateSchema "CIMDATA=&lt;CIMStandardDataConnection xsi:type='typens:CIMStandardDataConnection' xmlns:xsi='http://www.w3.org/2001/XMLSchema-instance' xmlns:xs='http://www.w3.org/2001/XMLSchema' xmlns:typens='http://www.esri.com/schemas/ArcGIS/2.7.0'&gt;&lt;WorkspaceConnectionString&gt;DATABASE=C:\Users\blake\Documents\Clemson Materials\Research\Saltzman Research\clemson_redistricting_team\precincts_2020_cleaned&lt;/WorkspaceConnectionString&gt;&lt;WorkspaceFactory&gt;Shapefile&lt;/WorkspaceFactory&gt;&lt;Dataset&gt;Statewide_2020.shp&lt;/Dataset&gt;&lt;DatasetType&gt;esriDTFeatureClass&lt;/DatasetType&gt;&lt;/CIMStandardDataConnection&gt;" &lt;operationSequence&gt;&lt;workflow&gt;&lt;AddField&gt;&lt;field_name&gt;SchwComp&lt;/field_name&gt;&lt;field_type&gt;DOUBLE&lt;/field_type&gt;&lt;field_is_nullable&gt;False&lt;/field_is_nullable&gt;&lt;field_is_required&gt;False&lt;/field_is_required&gt;&lt;/AddField&gt;&lt;/workflow&gt;&lt;/operationSequence&gt;</Process><Process ToolSource="c:\program files\arcgis\pro\Resources\ArcToolbox\toolboxes\Data Management Tools.tbx\CalculateField" Date="20210320" Time="171726">CalculateField Precincts_2020 SchwComp !Perimeter!/(2*3.1415*math.sqrt(!Area!/(2*3.1415))) "Python 3" # Text</Process><Process ToolSource="c:\program files\arcgis\pro\Resources\ArcToolbox\toolboxes\Data Management Tools.tbx\CalculateField" Date="20210320" Time="171910">CalculateField Precincts_2020 SchwComp !Perimeter!/(2*3.1415*math.sqrt(!Area!/3.1415)) "Python 3" # Text</Process><Process ToolSource="c:\program files\arcgis\pro\Resources\ArcToolbox\toolboxes\Data Management Tools.tbx\CalculateField" Date="20210320" Time="172015">CalculateField Precincts_2020 SchwComp !Perimeter!/(2*3.1415*math.sqrt(!Area!/3.1415)) "Python 3" # Text</Process><Process ToolSource="c:\program files\arcgis\pro\Resources\ArcToolbox\toolboxes\Data Management Tools.tbx\JoinField" Date="20210320" Time="175708">JoinField Precincts_2020 FID Precincts_2020_ConvHull ORIG_FID CH_Comp</Process><Process ToolSource="c:\program files\arcgis\pro\Resources\ArcToolbox\toolboxes\Data Management Tools.tbx\JoinField" Date="20210320" Time="180230">JoinField Precincts_2020 FID Precincts_2020_Circle ORIG_FID ReockComp</Process><Process ToolSource="c:\program files\arcgis\pro\Resources\ArcToolbox\toolboxes\Conversion Tools.tbx\FeatureClassToFeatureClass" Date="20211015" Time="123443">FeatureClassToFeatureClass Statewide_2020 C:\Users\aburt\Documents\GitHub\clemson_redistricting_team\precincts_2020_copy\precincts_2020_copy.gdb PrecinctMap_Dirty # "OBJECTID "OBJECTID" true true false 10 Long 0 10,First,#,Statewide_2020,OBJECTID,-1,-1;PName "PName" true true false 50 Text 0 0,First,#,Statewide_2020,PName,0,50;PCode "PCode" true true false 3 Text 0 0,First,#,Statewide_2020,PCode,0,3;County "County" true true false 5 Text 0 0,First,#,Statewide_2020,County,0,5;Code_Name "Code_Name" true true false 50 Text 0 0,First,#,Statewide_2020,Code_Name,0,50;Labels "Labels" true true false 50 Text 0 0,First,#,Statewide_2020,Labels,0,50;Name "Name" true true false 35 Text 0 0,First,#,Statewide_2020,Name,0,35;Shape_Leng "Shape_Leng" true true false 19 Double 0 0,First,#,Statewide_2020,Shape_Leng,-1,-1;Shape_Area "Shape_Area" true true false 19 Double 0 0,First,#,Statewide_2020,Shape_Area,-1,-1;Precinct_P "Precinct_P" true true false 10 Long 0 10,First,#,Statewide_2020,Precinct_P,-1,-1;Pop_of_Pre "Pop_of_Pre" true true false 10 Long 0 10,First,#,Statewide_2020,Pop_of_Pre,-1,-1;Pop_Diff "Pop_Diff" true true false 10 Long 0 10,First,#,Statewide_2020,Pop_Diff,-1,-1;PD_Percent "PD_Percent" true true false 10 Long 0 10,First,#,Statewide_2020,PD_Percent,-1,-1;Area "Area" true true false 19 Double 0 0,First,#,Statewide_2020,Area,-1,-1;Perimeter "Perimeter" true true false 19 Double 0 0,First,#,Statewide_2020,Perimeter,-1,-1;InvPPComp "InvPPComp" true true false 19 Double 0 0,First,#,Statewide_2020,InvPPComp,-1,-1;SchwComp "SchwComp" true true false 19 Double 0 0,First,#,Statewide_2020,SchwComp,-1,-1;CH_Comp "CH_Comp" true true false 19 Double 0 0,First,#,Statewide_2020,CH_Comp,-1,-1;ReockComp "ReockComp" true true false 19 Double 0 0,First,#,Statewide_2020,ReockComp,-1,-1" #</Process><Process ToolSource="c:\program files\arcgis\pro\Resources\ArcToolbox\toolboxes\Topographic Production Tools.tbx\FillGaps" Date="20211015" Time="123545">FillGaps PrecinctMap_Dirty "0.05 SquareMiles" "Fill By Length" SKIP_UNENCLOSED_GAPS #</Process><Process ToolSource="c:\program files\arcgis\pro\Resources\ArcToolbox\toolboxes\Analysis Tools.tbx\SymDiff" Date="20211015" Time="124240">SymDiff PrecinctMap_Dirty PrecinctMap_FillGaps1_Intersections C:\Users\aburt\Documents\GitHub\clemson_redistricting_team\precincts_2020_copy\precincts_2020_copy.gdb\PrecinctMap_SymDiff "All attributes" #</Process><Process ToolSource="c:\program files\arcgis\pro\Resources\ArcToolbox\toolboxes\Topographic Production Tools.tbx\FillGaps" Date="20211015" Time="125126">FillGaps PrecinctMap_SymDiff "0.01 SquareMiles" "Fill By Length" SKIP_UNENCLOSED_GAPS #</Process><Process ToolSource="c:\program files\arcgis\pro\Resources\ArcToolbox\toolboxes\Topographic Production Tools.tbx\FillGaps" Date="20211015" Time="134040">FillGaps PrecinctMap_SymDiff "0.025 SquareMiles" "Fill By Length" SKIP_UNENCLOSED_GAPS #</Process><Process ToolSource="c:\program files\arcgis\pro\Resources\ArcToolbox\toolboxes\Data Management Tools.tbx\RepairGeometry" Date="20211018" Time="164613">RepairGeometry PrecinctMap_SymDiff KEEP_NULL Esri</Process><Process ToolSource="c:\program files\arcgis\pro\Resources\ArcToolbox\toolboxes\Data Management Tools.tbx\RepairGeometry" Date="20211018" Time="165426">RepairGeometry PrecinctMap_SymDiff KEEP_NULL Esri</Process><Process ToolSource="c:\program files\arcgis\pro\Resources\ArcToolbox\toolboxes\Data Management Tools.tbx\MultipartToSinglepart" Date="20211019" Time="080827">MultipartToSinglepart PrecinctMap_SymDiff C:\Users\aburt\Documents\GitHub\clemson_redistricting_team\precincts_2020_copy\precincts_2020_copy.gdb\PrecinctMap_FinalCleaning</Process><Process ToolSource="c:\program files\arcgis\pro\Resources\ArcToolbox\toolboxes\Data Management Tools.tbx\UpdateSchema" Date="20211019" Time="081206">UpdateSchema "CIMDATA=&lt;CIMStandardDataConnection xsi:type='typens:CIMStandardDataConnection' xmlns:xsi='http://www.w3.org/2001/XMLSchema-instance' xmlns:xs='http://www.w3.org/2001/XMLSchema' xmlns:typens='http://www.esri.com/schemas/ArcGIS/2.8.0'&gt;&lt;WorkspaceConnectionString&gt;DATABASE=C:\Users\aburt\Documents\GitHub\clemson_redistricting_team\precincts_2020_copy\precincts_2020_copy.gdb&lt;/WorkspaceConnectionString&gt;&lt;WorkspaceFactory&gt;FileGDB&lt;/WorkspaceFactory&gt;&lt;Dataset&gt;PrecinctMap_FinalCleaning&lt;/Dataset&gt;&lt;DatasetType&gt;esriDTFeatureClass&lt;/DatasetType&gt;&lt;/CIMStandardDataConnection&gt;" &lt;operationSequence&gt;&lt;workflow&gt;&lt;DeleteField&gt;&lt;field_name&gt;FID_PrecinctMap_FillGaps1_Intersections&lt;/field_name&gt;&lt;field_name&gt;FID_PrecinctMap_Dirty_1&lt;/field_name&gt;&lt;field_name&gt;OBJECTID_12&lt;/field_name&gt;&lt;field_name&gt;PName_1&lt;/field_name&gt;&lt;field_name&gt;PCode_1&lt;/field_name&gt;&lt;field_name&gt;County_1&lt;/field_name&gt;&lt;field_name&gt;Code_Name_1&lt;/field_name&gt;&lt;field_name&gt;Labels_1&lt;/field_name&gt;&lt;field_name&gt;Name_1&lt;/field_name&gt;&lt;field_name&gt;Shape_Leng_1&lt;/field_name&gt;&lt;field_name&gt;Precinct_P_1&lt;/field_name&gt;&lt;field_name&gt;Pop_of_Pre_1&lt;/field_name&gt;&lt;field_name&gt;Pop_Diff_1&lt;/field_name&gt;&lt;field_name&gt;PD_Percent_1&lt;/field_name&gt;&lt;field_name&gt;Area_1&lt;/field_name&gt;&lt;field_name&gt;Perimeter_1&lt;/field_name&gt;&lt;field_name&gt;InvPPComp_1&lt;/field_name&gt;&lt;field_name&gt;SchwComp_1&lt;/field_name&gt;&lt;field_name&gt;CH_Comp_1&lt;/field_name&gt;&lt;field_name&gt;ReockComp_1&lt;/field_name&gt;&lt;/DeleteField&gt;&lt;/workflow&gt;&lt;/operationSequence&gt;</Process><Process ToolSource="c:\program files\arcgis\pro\Resources\ArcToolbox\toolboxes\Conversion Tools.tbx\FeatureClassToFeatureClass" Date="20211027" Time="172847">FeatureClassToFeatureClass C:\Users\aburt\Documents\GitHub\clemson_redistricting_team\precincts_2020_copy\precincts_2020_copy.gdb\PrecinctMap_FinalCleaning C:\Users\aburt\Documents\GitHub\clemson_redistricting_team\precincts_2020_copy PrecinctMap_FinalCleaning.shp # "FID_PrecinctMap_Dirty "FID_PrecinctMap_Dirty" true true false 4 Long 0 0,First,#,C:\Users\aburt\Documents\GitHub\clemson_redistricting_team\precincts_2020_copy\precincts_2020_copy.gdb\PrecinctMap_FinalCleaning,FID_PrecinctMap_Dirty,-1,-1;OBJECTID "OBJECTID" true true false 4 Long 0 0,First,#,C:\Users\aburt\Documents\GitHub\clemson_redistricting_team\precincts_2020_copy\precincts_2020_copy.gdb\PrecinctMap_FinalCleaning,OBJECTID,-1,-1;PName "PName" true true false 50 Text 0 0,First,#,C:\Users\aburt\Documents\GitHub\clemson_redistricting_team\precincts_2020_copy\precincts_2020_copy.gdb\PrecinctMap_FinalCleaning,PName,0,50;PCode "PCode" true true false 3 Text 0 0,First,#,C:\Users\aburt\Documents\GitHub\clemson_redistricting_team\precincts_2020_copy\precincts_2020_copy.gdb\PrecinctMap_FinalCleaning,PCode,0,3;County "County" true true false 5 Text 0 0,First,#,C:\Users\aburt\Documents\GitHub\clemson_redistricting_team\precincts_2020_copy\precincts_2020_copy.gdb\PrecinctMap_FinalCleaning,County,0,5;Code_Name "Code_Name" true true false 50 Text 0 0,First,#,C:\Users\aburt\Documents\GitHub\clemson_redistricting_team\precincts_2020_copy\precincts_2020_copy.gdb\PrecinctMap_FinalCleaning,Code_Name,0,50;Labels "Labels" true true false 50 Text 0 0,First,#,C:\Users\aburt\Documents\GitHub\clemson_redistricting_team\precincts_2020_copy\precincts_2020_copy.gdb\PrecinctMap_FinalCleaning,Labels,0,50;Name "Name" true true false 35 Text 0 0,First,#,C:\Users\aburt\Documents\GitHub\clemson_redistricting_team\precincts_2020_copy\precincts_2020_copy.gdb\PrecinctMap_FinalCleaning,Name,0,35;Shape_Leng "Shape_Leng" true true false 8 Double 0 0,First,#,C:\Users\aburt\Documents\GitHub\clemson_redistricting_team\precincts_2020_copy\precincts_2020_copy.gdb\PrecinctMap_FinalCleaning,Shape_Leng,-1,-1;Precinct_P "Precinct_P" true true false 4 Long 0 0,First,#,C:\Users\aburt\Documents\GitHub\clemson_redistricting_team\precincts_2020_copy\precincts_2020_copy.gdb\PrecinctMap_FinalCleaning,Precinct_P,-1,-1;Pop_of_Pre "Pop_of_Pre" true true false 4 Long 0 0,First,#,C:\Users\aburt\Documents\GitHub\clemson_redistricting_team\precincts_2020_copy\precincts_2020_copy.gdb\PrecinctMap_FinalCleaning,Pop_of_Pre,-1,-1;Pop_Diff "Pop_Diff" true true false 4 Long 0 0,First,#,C:\Users\aburt\Documents\GitHub\clemson_redistricting_team\precincts_2020_copy\precincts_2020_copy.gdb\PrecinctMap_FinalCleaning,Pop_Diff,-1,-1;PD_Percent "PD_Percent" true true false 4 Long 0 0,First,#,C:\Users\aburt\Documents\GitHub\clemson_redistricting_team\precincts_2020_copy\precincts_2020_copy.gdb\PrecinctMap_FinalCleaning,PD_Percent,-1,-1;Area "Area" true true false 8 Double 0 0,First,#,C:\Users\aburt\Documents\GitHub\clemson_redistricting_team\precincts_2020_copy\precincts_2020_copy.gdb\PrecinctMap_FinalCleaning,Area,-1,-1;Perimeter "Perimeter" true true false 8 Double 0 0,First,#,C:\Users\aburt\Documents\GitHub\clemson_redistricting_team\precincts_2020_copy\precincts_2020_copy.gdb\PrecinctMap_FinalCleaning,Perimeter,-1,-1;InvPPComp "InvPPComp" true true false 8 Double 0 0,First,#,C:\Users\aburt\Documents\GitHub\clemson_redistricting_team\precincts_2020_copy\precincts_2020_copy.gdb\PrecinctMap_FinalCleaning,InvPPComp,-1,-1;SchwComp "SchwComp" true true false 8 Double 0 0,First,#,C:\Users\aburt\Documents\GitHub\clemson_redistricting_team\precincts_2020_copy\precincts_2020_copy.gdb\PrecinctMap_FinalCleaning,SchwComp,-1,-1;CH_Comp "CH_Comp" true true false 8 Double 0 0,First,#,C:\Users\aburt\Documents\GitHub\clemson_redistricting_team\precincts_2020_copy\precincts_2020_copy.gdb\PrecinctMap_FinalCleaning,CH_Comp,-1,-1;ReockComp "ReockComp" true true false 8 Double 0 0,First,#,C:\Users\aburt\Documents\GitHub\clemson_redistricting_team\precincts_2020_copy\precincts_2020_copy.gdb\PrecinctMap_FinalCleaning,ReockComp,-1,-1;ORIG_FID "ORIG_FID" true true false 4 Long 0 0,First,#,C:\Users\aburt\Documents\GitHub\clemson_redistricting_team\precincts_2020_copy\precincts_2020_copy.gdb\PrecinctMap_FinalCleaning,ORIG_FID,-1,-1;Shape_Length "Shape_Length" false true true 8 Double 0 0,First,#,C:\Users\aburt\Documents\GitHub\clemson_redistricting_team\precincts_2020_copy\precincts_2020_copy.gdb\PrecinctMap_FinalCleaning,Shape_Length,-1,-1;Shape_Area "Shape_Area" false true true 8 Double 0 0,First,#,C:\Users\aburt\Documents\GitHub\clemson_redistricting_team\precincts_2020_copy\precincts_2020_copy.gdb\PrecinctMap_FinalCleaning,Shape_Area,-1,-1" #</Process><Process ToolSource="c:\program files\arcgis\pro\Resources\ArcToolbox\toolboxes\Conversion Tools.tbx\FeatureClassToFeatureClass" Date="20211027" Time="175251">FeatureClassToFeatureClass PrecinctMap_FinalCleaning "C:\Users\blake\OneDrive - Clemson University\Documents\Research\clemson_redistricting_team\SC_Redistricting_Updated\SC_Redistricting_Updated.gdb" PrecinctMap_FinalCleaning # "FID_Precin "FID_Precin" true true false 10 Long 0 10,First,#,PrecinctMap_FinalCleaning,FID_Precin,-1,-1;OBJECTID "OBJECTID" true true false 10 Long 0 10,First,#,PrecinctMap_FinalCleaning,OBJECTID,-1,-1;PName "PName" true true false 50 Text 0 0,First,#,PrecinctMap_FinalCleaning,PName,0,50;PCode "PCode" true true false 3 Text 0 0,First,#,PrecinctMap_FinalCleaning,PCode,0,3;County "County" true true false 5 Text 0 0,First,#,PrecinctMap_FinalCleaning,County,0,5;Code_Name "Code_Name" true true false 50 Text 0 0,First,#,PrecinctMap_FinalCleaning,Code_Name,0,50;Labels "Labels" true true false 50 Text 0 0,First,#,PrecinctMap_FinalCleaning,Labels,0,50;Name "Name" true true false 35 Text 0 0,First,#,PrecinctMap_FinalCleaning,Name,0,35;Shape_Leng "Shape_Leng" true true false 19 Double 0 0,First,#,PrecinctMap_FinalCleaning,Shape_Leng,-1,-1;Precinct_P "Precinct_P" true true false 10 Long 0 10,First,#,PrecinctMap_FinalCleaning,Precinct_P,-1,-1;Pop_of_Pre "Pop_of_Pre" true true false 10 Long 0 10,First,#,PrecinctMap_FinalCleaning,Pop_of_Pre,-1,-1;Pop_Diff "Pop_Diff" true true false 10 Long 0 10,First,#,PrecinctMap_FinalCleaning,Pop_Diff,-1,-1;PD_Percent "PD_Percent" true true false 10 Long 0 10,First,#,PrecinctMap_FinalCleaning,PD_Percent,-1,-1;Area "Area" true true false 19 Double 0 0,First,#,PrecinctMap_FinalCleaning,Area,-1,-1;Perimeter "Perimeter" true true false 19 Double 0 0,First,#,PrecinctMap_FinalCleaning,Perimeter,-1,-1;InvPPComp "InvPPComp" true true false 19 Double 0 0,First,#,PrecinctMap_FinalCleaning,InvPPComp,-1,-1;SchwComp "SchwComp" true true false 19 Double 0 0,First,#,PrecinctMap_FinalCleaning,SchwComp,-1,-1;CH_Comp "CH_Comp" true true false 19 Double 0 0,First,#,PrecinctMap_FinalCleaning,CH_Comp,-1,-1;ReockComp "ReockComp" true true false 19 Double 0 0,First,#,PrecinctMap_FinalCleaning,ReockComp,-1,-1;ORIG_FID "ORIG_FID" true true false 10 Long 0 10,First,#,PrecinctMap_FinalCleaning,ORIG_FID,-1,-1;Shape_Le_1 "Shape_Le_1" true true false 19 Double 0 0,First,#,PrecinctMap_FinalCleaning,Shape_Le_1,-1,-1;Shape_Area "Shape_Area" true true false 19 Double 0 0,First,#,PrecinctMap_FinalCleaning,Shape_Area,-1,-1" #</Process><Process ToolSource="c:\program files\arcgis\pro\Resources\ArcToolbox\toolboxes\Topographic Production Tools.tbx\FillGaps" Date="20211028" Time="082122">FillGaps PrecinctMap_FinalCleaning "100 SquareFeet" "Fill By Length" SKIP_UNENCLOSED_GAPS #</Process><Process ToolSource="c:\program files\arcgis\pro\Resources\ArcToolbox\toolboxes\Topographic Production Tools.tbx\FillGaps" Date="20211028" Time="082335">FillGaps PrecinctMap_FinalCleaning "200 SquareFeet" "Fill By Length" SKIP_UNENCLOSED_GAPS #</Process><Process ToolSource="c:\program files\arcgis\pro\Resources\ArcToolbox\toolboxes\Topographic Production Tools.tbx\FillGaps" Date="20211028" Time="082631">FillGaps PrecinctMap_FinalCleaning "500 SquareFeet" "Fill By Length" SKIP_UNENCLOSED_GAPS #</Process><Process ToolSource="c:\program files\arcgis\pro\Resources\ArcToolbox\toolboxes\Conversion Tools.tbx\FeatureClassToFeatureClass" Date="20211028" Time="110309">FeatureClassToFeatureClass PrecinctMap_FinalCleaning C:\Users\aburt\Documents\GitHub\clemson_redistricting_team\SC_Redistricting_Updated\SC_Redistricting_Updated.gdb CLEAN_PrecinctMap_2020 # "FID_Precin "FID_Precin" true true false 4 Long 0 0,First,#,PrecinctMap_FinalCleaning,FID_Precin,-1,-1;OBJECTID "OBJECTID" true true false 4 Long 0 0,First,#,PrecinctMap_FinalCleaning,OBJECTID,-1,-1;PName "PName" true true false 50 Text 0 0,First,#,PrecinctMap_FinalCleaning,PName,0,50;PCode "PCode" true true false 3 Text 0 0,First,#,PrecinctMap_FinalCleaning,PCode,0,3;County "County" true true false 5 Text 0 0,First,#,PrecinctMap_FinalCleaning,County,0,5;Code_Name "Code_Name" true true false 50 Text 0 0,First,#,PrecinctMap_FinalCleaning,Code_Name,0,50;Labels "Labels" true true false 50 Text 0 0,First,#,PrecinctMap_FinalCleaning,Labels,0,50;Name "Name" true true false 35 Text 0 0,First,#,PrecinctMap_FinalCleaning,Name,0,35;Shape_Leng "Shape_Leng" true true false 8 Double 0 0,First,#,PrecinctMap_FinalCleaning,Shape_Leng,-1,-1;Precinct_P "Precinct_P" true true false 4 Long 0 0,First,#,PrecinctMap_FinalCleaning,Precinct_P,-1,-1;Pop_of_Pre "Pop_of_Pre" true true false 4 Long 0 0,First,#,PrecinctMap_FinalCleaning,Pop_of_Pre,-1,-1;Pop_Diff "Pop_Diff" true true false 4 Long 0 0,First,#,PrecinctMap_FinalCleaning,Pop_Diff,-1,-1;PD_Percent "PD_Percent" true true false 4 Long 0 0,First,#,PrecinctMap_FinalCleaning,PD_Percent,-1,-1;Area "Area" true true false 8 Double 0 0,First,#,PrecinctMap_FinalCleaning,Area,-1,-1;Perimeter "Perimeter" true true false 8 Double 0 0,First,#,PrecinctMap_FinalCleaning,Perimeter,-1,-1;InvPPComp "InvPPComp" true true false 8 Double 0 0,First,#,PrecinctMap_FinalCleaning,InvPPComp,-1,-1;SchwComp "SchwComp" true true false 8 Double 0 0,First,#,PrecinctMap_FinalCleaning,SchwComp,-1,-1;CH_Comp "CH_Comp" true true false 8 Double 0 0,First,#,PrecinctMap_FinalCleaning,CH_Comp,-1,-1;ReockComp "ReockComp" true true false 8 Double 0 0,First,#,PrecinctMap_FinalCleaning,ReockComp,-1,-1;ORIG_FID "ORIG_FID" true true false 4 Long 0 0,First,#,PrecinctMap_FinalCleaning,ORIG_FID,-1,-1;Shape_Le_1 "Shape_Le_1" true true false 8 Double 0 0,First,#,PrecinctMap_FinalCleaning,Shape_Le_1,-1,-1;Shape_Length "Shape_Length" false true true 8 Double 0 0,First,#,PrecinctMap_FinalCleaning,Shape_Length,-1,-1;Shape_Area "Shape_Area" false true true 8 Double 0 0,First,#,PrecinctMap_FinalCleaning,Shape_Area,-1,-1" #</Process><Process ToolSource="c:\program files\arcgis\pro\Resources\ArcToolbox\toolboxes\Conversion Tools.tbx\FeatureClassToFeatureClass" Date="20211028" Time="110426">FeatureClassToFeatureClass C:\Users\aburt\Documents\GitHub\clemson_redistricting_team\SC_Redistricting_Updated\SC_Redistricting_Updated.gdb\CLEAN_PrecinctMap_2020 C:\Users\aburt\Documents\GitHub\clemson_redistricting_team\SC_Redistricting_Updated CLEAN_PrecinctMap_2020.shp # "FID_Precin "FID_Precin" true true false 4 Long 0 0,First,#,C:\Users\aburt\Documents\GitHub\clemson_redistricting_team\SC_Redistricting_Updated\SC_Redistricting_Updated.gdb\CLEAN_PrecinctMap_2020,FID_Precin,-1,-1;OBJECTID "OBJECTID" true true false 4 Long 0 0,First,#,C:\Users\aburt\Documents\GitHub\clemson_redistricting_team\SC_Redistricting_Updated\SC_Redistricting_Updated.gdb\CLEAN_PrecinctMap_2020,OBJECTID,-1,-1;PName "PName" true true false 50 Text 0 0,First,#,C:\Users\aburt\Documents\GitHub\clemson_redistricting_team\SC_Redistricting_Updated\SC_Redistricting_Updated.gdb\CLEAN_PrecinctMap_2020,PName,0,50;PCode "PCode" true true false 3 Text 0 0,First,#,C:\Users\aburt\Documents\GitHub\clemson_redistricting_team\SC_Redistricting_Updated\SC_Redistricting_Updated.gdb\CLEAN_PrecinctMap_2020,PCode,0,3;County "County" true true false 5 Text 0 0,First,#,C:\Users\aburt\Documents\GitHub\clemson_redistricting_team\SC_Redistricting_Updated\SC_Redistricting_Updated.gdb\CLEAN_PrecinctMap_2020,County,0,5;Code_Name "Code_Name" true true false 50 Text 0 0,First,#,C:\Users\aburt\Documents\GitHub\clemson_redistricting_team\SC_Redistricting_Updated\SC_Redistricting_Updated.gdb\CLEAN_PrecinctMap_2020,Code_Name,0,50;Labels "Labels" true true false 50 Text 0 0,First,#,C:\Users\aburt\Documents\GitHub\clemson_redistricting_team\SC_Redistricting_Updated\SC_Redistricting_Updated.gdb\CLEAN_PrecinctMap_2020,Labels,0,50;Name "Name" true true false 35 Text 0 0,First,#,C:\Users\aburt\Documents\GitHub\clemson_redistricting_team\SC_Redistricting_Updated\SC_Redistricting_Updated.gdb\CLEAN_PrecinctMap_2020,Name,0,35;Shape_Leng "Shape_Leng" true true false 8 Double 0 0,First,#,C:\Users\aburt\Documents\GitHub\clemson_redistricting_team\SC_Redistricting_Updated\SC_Redistricting_Updated.gdb\CLEAN_PrecinctMap_2020,Shape_Leng,-1,-1;Precinct_P "Precinct_P" true true false 4 Long 0 0,First,#,C:\Users\aburt\Documents\GitHub\clemson_redistricting_team\SC_Redistricting_Updated\SC_Redistricting_Updated.gdb\CLEAN_PrecinctMap_2020,Precinct_P,-1,-1;Pop_of_Pre "Pop_of_Pre" true true false 4 Long 0 0,First,#,C:\Users\aburt\Documents\GitHub\clemson_redistricting_team\SC_Redistricting_Updated\SC_Redistricting_Updated.gdb\CLEAN_PrecinctMap_2020,Pop_of_Pre,-1,-1;Pop_Diff "Pop_Diff" true true false 4 Long 0 0,First,#,C:\Users\aburt\Documents\GitHub\clemson_redistricting_team\SC_Redistricting_Updated\SC_Redistricting_Updated.gdb\CLEAN_PrecinctMap_2020,Pop_Diff,-1,-1;PD_Percent "PD_Percent" true true false 4 Long 0 0,First,#,C:\Users\aburt\Documents\GitHub\clemson_redistricting_team\SC_Redistricting_Updated\SC_Redistricting_Updated.gdb\CLEAN_PrecinctMap_2020,PD_Percent,-1,-1;Area "Area" true true false 8 Double 0 0,First,#,C:\Users\aburt\Documents\GitHub\clemson_redistricting_team\SC_Redistricting_Updated\SC_Redistricting_Updated.gdb\CLEAN_PrecinctMap_2020,Area,-1,-1;Perimeter "Perimeter" true true false 8 Double 0 0,First,#,C:\Users\aburt\Documents\GitHub\clemson_redistricting_team\SC_Redistricting_Updated\SC_Redistricting_Updated.gdb\CLEAN_PrecinctMap_2020,Perimeter,-1,-1;InvPPComp "InvPPComp" true true false 8 Double 0 0,First,#,C:\Users\aburt\Documents\GitHub\clemson_redistricting_team\SC_Redistricting_Updated\SC_Redistricting_Updated.gdb\CLEAN_PrecinctMap_2020,InvPPComp,-1,-1;SchwComp "SchwComp" true true false 8 Double 0 0,First,#,C:\Users\aburt\Documents\GitHub\clemson_redistricting_team\SC_Redistricting_Updated\SC_Redistricting_Updated.gdb\CLEAN_PrecinctMap_2020,SchwComp,-1,-1;CH_Comp "CH_Comp" true true false 8 Double 0 0,First,#,C:\Users\aburt\Documents\GitHub\clemson_redistricting_team\SC_Redistricting_Updated\SC_Redistricting_Updated.gdb\CLEAN_PrecinctMap_2020,CH_Comp,-1,-1;ReockComp "ReockComp" true true false 8 Double 0 0,First,#,C:\Users\aburt\Documents\GitHub\clemson_redistricting_team\SC_Redistricting_Updated\SC_Redistricting_Updated.gdb\CLEAN_PrecinctMap_2020,ReockComp,-1,-1;ORIG_FID "ORIG_FID" true true false 4 Long 0 0,First,#,C:\Users\aburt\Documents\GitHub\clemson_redistricting_team\SC_Redistricting_Updated\SC_Redistricting_Updated.gdb\CLEAN_PrecinctMap_2020,ORIG_FID,-1,-1;Shape_Le_1 "Shape_Le_1" true true false 8 Double 0 0,First,#,C:\Users\aburt\Documents\GitHub\clemson_redistricting_team\SC_Redistricting_Updated\SC_Redistricting_Updated.gdb\CLEAN_PrecinctMap_2020,Shape_Le_1,-1,-1;Shape_Length "Shape_Length" false true true 8 Double 0 0,First,#,C:\Users\aburt\Documents\GitHub\clemson_redistricting_team\SC_Redistricting_Updated\SC_Redistricting_Updated.gdb\CLEAN_PrecinctMap_2020,Shape_Length,-1,-1;Shape_Area "Shape_Area" false true true 8 Double 0 0,First,#,C:\Users\aburt\Documents\GitHub\clemson_redistricting_team\SC_Redistricting_Updated\SC_Redistricting_Updated.gdb\CLEAN_PrecinctMap_2020,Shape_Area,-1,-1" #</Process><Process ToolSource="c:\program files\arcgis\pro\Resources\ArcToolbox\toolboxes\Conversion Tools.tbx\FeatureClassToFeatureClass" Date="20211029" Time="113046">FeatureClassToFeatureClass CLEAN_PrecinctMap_2020_DONE C:\Users\aburt\Desktop\SC_Redistricting_Updated\SC_Redistricting_Updated.gdb PrecinctMap_2020_Clean # "FID_Precin "FID_Precin" true true false 10 Long 0 10,First,#,CLEAN_PrecinctMap_2020_DONE,FID_Precin,-1,-1;OBJECTID "OBJECTID" true true false 10 Long 0 10,First,#,CLEAN_PrecinctMap_2020_DONE,OBJECTID,-1,-1;PName "PName" true true false 50 Text 0 0,First,#,CLEAN_PrecinctMap_2020_DONE,PName,0,50;PCode "PCode" true true false 3 Text 0 0,First,#,CLEAN_PrecinctMap_2020_DONE,PCode,0,3;County "County" true true false 5 Text 0 0,First,#,CLEAN_PrecinctMap_2020_DONE,County,0,5;Code_Name "Code_Name" true true false 50 Text 0 0,First,#,CLEAN_PrecinctMap_2020_DONE,Code_Name,0,50;Labels "Labels" true true false 50 Text 0 0,First,#,CLEAN_PrecinctMap_2020_DONE,Labels,0,50;Name "Name" true true false 35 Text 0 0,First,#,CLEAN_PrecinctMap_2020_DONE,Name,0,35;Shape_Leng "Shape_Leng" true true false 19 Double 0 0,First,#,CLEAN_PrecinctMap_2020_DONE,Shape_Leng,-1,-1;Precinct_P "Precinct_P" true true false 10 Long 0 10,First,#,CLEAN_PrecinctMap_2020_DONE,Precinct_P,-1,-1;Pop_of_Pre "Pop_of_Pre" true true false 10 Long 0 10,First,#,CLEAN_PrecinctMap_2020_DONE,Pop_of_Pre,-1,-1;Pop_Diff "Pop_Diff" true true false 10 Long 0 10,First,#,CLEAN_PrecinctMap_2020_DONE,Pop_Diff,-1,-1;PD_Percent "PD_Percent" true true false 10 Long 0 10,First,#,CLEAN_PrecinctMap_2020_DONE,PD_Percent,-1,-1;Area "Area" true true false 19 Double 0 0,First,#,CLEAN_PrecinctMap_2020_DONE,Area,-1,-1;Perimeter "Perimeter" true true false 19 Double 0 0,First,#,CLEAN_PrecinctMap_2020_DONE,Perimeter,-1,-1;InvPPComp "InvPPComp" true true false 19 Double 0 0,First,#,CLEAN_PrecinctMap_2020_DONE,InvPPComp,-1,-1;SchwComp "SchwComp" true true false 19 Double 0 0,First,#,CLEAN_PrecinctMap_2020_DONE,SchwComp,-1,-1;CH_Comp "CH_Comp" true true false 19 Double 0 0,First,#,CLEAN_PrecinctMap_2020_DONE,CH_Comp,-1,-1;ReockComp "ReockComp" true true false 19 Double 0 0,First,#,CLEAN_PrecinctMap_2020_DONE,ReockComp,-1,-1;ORIG_FID "ORIG_FID" true true false 10 Long 0 10,First,#,CLEAN_PrecinctMap_2020_DONE,ORIG_FID,-1,-1;Shape_Le_1 "Shape_Le_1" true true false 19 Double 0 0,First,#,CLEAN_PrecinctMap_2020_DONE,Shape_Le_1,-1,-1;Shape_Le_2 "Shape_Le_2" true true false 19 Double 0 0,First,#,CLEAN_PrecinctMap_2020_DONE,Shape_Le_2,-1,-1;Shape_Area "Shape_Area" true true false 19 Double 0 0,First,#,CLEAN_PrecinctMap_2020_DONE,Shape_Area,-1,-1" #</Process><Process ToolSource="c:\program files\arcgis\pro\Resources\ArcToolbox\toolboxes\Conversion Tools.tbx\FeatureClassToFeatureClass" Date="20211029" Time="113131">FeatureClassToFeatureClass C:\Users\aburt\Desktop\SC_Redistricting_Updated\SC_Redistricting_Updated.gdb\PrecinctMap_2020_Clean C:\Users\aburt\Desktop\SC_Redistricting_Updated PrecinctMap_2020_Clean.shp # "FID_Precin "FID_Precin" true true false 4 Long 0 0,First,#,C:\Users\aburt\Desktop\SC_Redistricting_Updated\SC_Redistricting_Updated.gdb\PrecinctMap_2020_Clean,FID_Precin,-1,-1;OBJECTID "OBJECTID" true true false 4 Long 0 0,First,#,C:\Users\aburt\Desktop\SC_Redistricting_Updated\SC_Redistricting_Updated.gdb\PrecinctMap_2020_Clean,OBJECTID,-1,-1;PName "PName" true true false 50 Text 0 0,First,#,C:\Users\aburt\Desktop\SC_Redistricting_Updated\SC_Redistricting_Updated.gdb\PrecinctMap_2020_Clean,PName,0,50;PCode "PCode" true true false 3 Text 0 0,First,#,C:\Users\aburt\Desktop\SC_Redistricting_Updated\SC_Redistricting_Updated.gdb\PrecinctMap_2020_Clean,PCode,0,3;County "County" true true false 5 Text 0 0,First,#,C:\Users\aburt\Desktop\SC_Redistricting_Updated\SC_Redistricting_Updated.gdb\PrecinctMap_2020_Clean,County,0,5;Code_Name "Code_Name" true true false 50 Text 0 0,First,#,C:\Users\aburt\Desktop\SC_Redistricting_Updated\SC_Redistricting_Updated.gdb\PrecinctMap_2020_Clean,Code_Name,0,50;Labels "Labels" true true false 50 Text 0 0,First,#,C:\Users\aburt\Desktop\SC_Redistricting_Updated\SC_Redistricting_Updated.gdb\PrecinctMap_2020_Clean,Labels,0,50;Name "Name" true true false 35 Text 0 0,First,#,C:\Users\aburt\Desktop\SC_Redistricting_Updated\SC_Redistricting_Updated.gdb\PrecinctMap_2020_Clean,Name,0,35;Shape_Leng "Shape_Leng" true true false 8 Double 0 0,First,#,C:\Users\aburt\Desktop\SC_Redistricting_Updated\SC_Redistricting_Updated.gdb\PrecinctMap_2020_Clean,Shape_Leng,-1,-1;Precinct_P "Precinct_P" true true false 4 Long 0 0,First,#,C:\Users\aburt\Desktop\SC_Redistricting_Updated\SC_Redistricting_Updated.gdb\PrecinctMap_2020_Clean,Precinct_P,-1,-1;Pop_of_Pre "Pop_of_Pre" true true false 4 Long 0 0,First,#,C:\Users\aburt\Desktop\SC_Redistricting_Updated\SC_Redistricting_Updated.gdb\PrecinctMap_2020_Clean,Pop_of_Pre,-1,-1;Pop_Diff "Pop_Diff" true true false 4 Long 0 0,First,#,C:\Users\aburt\Desktop\SC_Redistricting_Updated\SC_Redistricting_Updated.gdb\PrecinctMap_2020_Clean,Pop_Diff,-1,-1;PD_Percent "PD_Percent" true true false 4 Long 0 0,First,#,C:\Users\aburt\Desktop\SC_Redistricting_Updated\SC_Redistricting_Updated.gdb\PrecinctMap_2020_Clean,PD_Percent,-1,-1;Area "Area" true true false 8 Double 0 0,First,#,C:\Users\aburt\Desktop\SC_Redistricting_Updated\SC_Redistricting_Updated.gdb\PrecinctMap_2020_Clean,Area,-1,-1;Perimeter "Perimeter" true true false 8 Double 0 0,First,#,C:\Users\aburt\Desktop\SC_Redistricting_Updated\SC_Redistricting_Updated.gdb\PrecinctMap_2020_Clean,Perimeter,-1,-1;InvPPComp "InvPPComp" true true false 8 Double 0 0,First,#,C:\Users\aburt\Desktop\SC_Redistricting_Updated\SC_Redistricting_Updated.gdb\PrecinctMap_2020_Clean,InvPPComp,-1,-1;SchwComp "SchwComp" true true false 8 Double 0 0,First,#,C:\Users\aburt\Desktop\SC_Redistricting_Updated\SC_Redistricting_Updated.gdb\PrecinctMap_2020_Clean,SchwComp,-1,-1;CH_Comp "CH_Comp" true true false 8 Double 0 0,First,#,C:\Users\aburt\Desktop\SC_Redistricting_Updated\SC_Redistricting_Updated.gdb\PrecinctMap_2020_Clean,CH_Comp,-1,-1;ReockComp "ReockComp" true true false 8 Double 0 0,First,#,C:\Users\aburt\Desktop\SC_Redistricting_Updated\SC_Redistricting_Updated.gdb\PrecinctMap_2020_Clean,ReockComp,-1,-1;ORIG_FID "ORIG_FID" true true false 4 Long 0 0,First,#,C:\Users\aburt\Desktop\SC_Redistricting_Updated\SC_Redistricting_Updated.gdb\PrecinctMap_2020_Clean,ORIG_FID,-1,-1;Shape_Le_1 "Shape_Le_1" true true false 8 Double 0 0,First,#,C:\Users\aburt\Desktop\SC_Redistricting_Updated\SC_Redistricting_Updated.gdb\PrecinctMap_2020_Clean,Shape_Le_1,-1,-1;Shape_Le_2 "Shape_Le_2" true true false 8 Double 0 0,First,#,C:\Users\aburt\Desktop\SC_Redistricting_Updated\SC_Redistricting_Updated.gdb\PrecinctMap_2020_Clean,Shape_Le_2,-1,-1;Shape_Length "Shape_Length" false true true 8 Double 0 0,First,#,C:\Users\aburt\Desktop\SC_Redistricting_Updated\SC_Redistricting_Updated.gdb\PrecinctMap_2020_Clean,Shape_Length,-1,-1;Shape_Area "Shape_Area" false true true 8 Double 0 0,First,#,C:\Users\aburt\Desktop\SC_Redistricting_Updated\SC_Redistricting_Updated.gdb\PrecinctMap_2020_Clean,Shape_Area,-1,-1" #</Process></lineage></DataProperties><SyncDate>20211029</SyncDate><SyncTime>11313000</SyncTime><ModDate>20211029</ModDate><ModTime>11313000</ModTime></Esri><dataIdInfo><envirDesc Sync="TRUE">Microsoft Windows 10 Version 10.0 (Build 19043) ; Esri ArcGIS 12.8.0.29751</envirDesc><dataLang><languageCode value="eng" Sync="TRUE"></languageCode><countryCode value="USA" Sync="TRUE"></countryCode></dataLang><idCitation><resTitle Sync="TRUE">PrecinctMap_2020_Clean</resTitle><presForm><PresFormCd value="005" Sync="TRUE"></PresFormCd></presForm></idCitation><spatRpType><SpatRepTypCd value="001" Sync="TRUE"></SpatRepTypCd></spatRpType></dataIdInfo><mdLang><languageCode value="eng" Sync="TRUE"></languageCode><countryCode value="USA" Sync="TRUE"></countryCode></mdLang><mdChar><CharSetCd value="004" Sync="TRUE"></CharSetCd></mdChar><distInfo><distFormat><formatName Sync="TRUE">Shapefile</formatName></distFormat><distTranOps><transSize Sync="TRUE">0.000</transSize></distTranOps></distInfo><mdHrLv><ScopeCd value="005" Sync="TRUE"></ScopeCd></mdHrLv><mdHrLvName Sync="TRUE">dataset</mdHrLvName><refSysInfo><RefSystem><refSysID><identCode code="2273" Sync="TRUE"></identCode><idCodeSpace Sync="TRUE">EPSG</idCodeSpace><idVersion Sync="TRUE">6.9(9.0.0)</idVersion></refSysID></RefSystem></refSysInfo><spatRepInfo><VectSpatRep><geometObjs Name="PrecinctMap_2020_Clean"><geoObjTyp><GeoObjTypCd value="002" Sync="TRUE"></GeoObjTypCd></geoObjTyp><geoObjCnt Sync="TRUE">0</geoObjCnt></geometObjs><topLvl><TopoLevCd value="001" Sync="TRUE"></TopoLevCd></topLvl></VectSpatRep></spatRepInfo><spdoinfo><ptvctinf><esriterm Name="PrecinctMap_2020_Clean"><efeatyp Sync="TRUE">Simple</efeatyp><efeageom code="4" Sync="TRUE"></efeageom><esritopo Sync="TRUE">FALSE</esritopo><efeacnt Sync="TRUE">0</efeacnt><spindex Sync="TRUE">FALSE</spindex><linrefer Sync="TRUE">FALSE</linrefer></esriterm></ptvctinf></spdoinfo><eainfo><detailed Name="PrecinctMap_2020_Clean"><enttyp><enttypl Sync="TRUE">PrecinctMap_2020_Clean</enttypl><enttypt Sync="TRUE">Feature Class</enttypt><enttypc Sync="TRUE">0</enttypc></enttyp><attr><attrlabl Sync="TRUE">FID</attrlabl><attalias Sync="TRUE">FID</attalias><attrtype Sync="TRUE">OID</attrtype><attwidth Sync="TRUE">4</attwidth><atprecis Sync="TRUE">0</atprecis><attscale Sync="TRUE">0</attscale><attrdef Sync="TRUE">Internal feature number.</attrdef><attrdefs Sync="TRUE">Esri</attrdefs><attrdomv><udom Sync="TRUE">Sequential unique whole numbers that are automatically generated.</udom></attrdomv></attr><attr><attrlabl Sync="TRUE">Shape</attrlabl><attalias Sync="TRUE">Shape</attalias><attrtype Sync="TRUE">Geometry</attrtype><attwidth Sync="TRUE">0</attwidth><atprecis Sync="TRUE">0</atprecis><attscale Sync="TRUE">0</attscale><attrdef Sync="TRUE">Feature geometry.</attrdef><attrdefs Sync="TRUE">Esri</attrdefs><attrdomv><udom Sync="TRUE">Coordinates defining the features.</udom></attrdomv></attr><attr><attrlabl Sync="TRUE">FID_Precin</attrlabl><attalias Sync="TRUE">FID_Precin</attalias><attrtype Sync="TRUE">Integer</attrtype><attwidth Sync="TRUE">10</attwidth><atprecis Sync="TRUE">10</atprecis><attscale Sync="TRUE">0</attscale></attr><attr><attrlabl Sync="TRUE">OBJECTID</attrlabl><attalias Sync="TRUE">OBJECTID</attalias><attrtype Sync="TRUE">Integer</attrtype><attwidth Sync="TRUE">10</attwidth><atprecis Sync="TRUE">10</atprecis><attscale Sync="TRUE">0</attscale><attrdef Sync="TRUE">Internal feature number.</attrdef><attrdefs Sync="TRUE">Esri</attrdefs><attrdomv><udom Sync="TRUE">Sequential unique whole numbers that are automatically generated.</udom></attrdomv></attr><attr><attrlabl Sync="TRUE">Name</attrlabl><attalias Sync="TRUE">Name</attalias><attrtype Sync="TRUE">String</attrtype><attwidth Sync="TRUE">35</attwidth><atprecis Sync="TRUE">0</atprecis><attscale Sync="TRUE">0</attscale></attr><attr><attrlabl Sync="TRUE">SHAPE_Area</attrlabl><attalias Sync="TRUE">Shape_Area</attalias><attrtype Sync="TRUE">Double</attrtype><attwidth Sync="TRUE">19</attwidth><atprecis Sync="TRUE">0</atprecis><attscale Sync="TRUE">0</attscale><attrdef Sync="TRUE">Area of feature in internal units squared.</attrdef><attrdefs Sync="TRUE">Esri</attrdefs><attrdomv><udom Sync="TRUE">Positive real numbers that are automatically generated.</udom></attrdomv></attr><attr><attrlabl Sync="TRUE">PName</attrlabl><attalias Sync="TRUE">PName</attalias><attrtype Sync="TRUE">String</attrtype><attwidth Sync="TRUE">50</attwidth><atprecis Sync="TRUE">0</atprecis><attscale Sync="TRUE">0</attscale></attr><attr><attrlabl Sync="TRUE">PCode</attrlabl><attalias Sync="TRUE">PCode</attalias><attrtype Sync="TRUE">String</attrtype><attwidth Sync="TRUE">3</attwidth><atprecis Sync="TRUE">0</atprecis><attscale Sync="TRUE">0</attscale></attr><attr><attrlabl Sync="TRUE">County</attrlabl><attalias Sync="TRUE">County</attalias><attrtype Sync="TRUE">String</attrtype><attwidth Sync="TRUE">5</attwidth><atprecis Sync="TRUE">0</atprecis><attscale Sync="TRUE">0</attscale></attr><attr><attrlabl Sync="TRUE">Code_Name</attrlabl><attalias Sync="TRUE">Code_Name</attalias><attrtype Sync="TRUE">String</attrtype><attwidth Sync="TRUE">50</attwidth><atprecis Sync="TRUE">0</atprecis><attscale Sync="TRUE">0</attscale></attr><attr><attrlabl Sync="TRUE">Shape_Leng</attrlabl><attalias Sync="TRUE">Shape_Leng</attalias><attrtype Sync="TRUE">Double</attrtype><attwidth Sync="TRUE">19</attwidth><atprecis Sync="TRUE">0</atprecis><attscale Sync="TRUE">0</attscale></attr><attr><attrlabl Sync="TRUE">Precinct_P</attrlabl><attalias Sync="TRUE">Precinct_P</attalias><attrtype Sync="TRUE">Integer</attrtype><attwidth Sync="TRUE">10</attwidth><atprecis Sync="TRUE">10</atprecis><attscale Sync="TRUE">0</attscale></attr><attr><attrlabl Sync="TRUE">Pop_of_Pre</attrlabl><attalias Sync="TRUE">Pop_of_Pre</attalias><attrtype Sync="TRUE">Integer</attrtype><attwidth Sync="TRUE">10</attwidth><atprecis Sync="TRUE">10</atprecis><attscale Sync="TRUE">0</attscale></attr><attr><attrlabl Sync="TRUE">Pop_Diff</attrlabl><attalias Sync="TRUE">Pop_Diff</attalias><attrtype Sync="TRUE">Integer</attrtype><attwidth Sync="TRUE">10</attwidth><atprecis Sync="TRUE">10</atprecis><attscale Sync="TRUE">0</attscale></attr><attr><attrlabl Sync="TRUE">PD_Percent</attrlabl><attalias Sync="TRUE">PD_Percent</attalias><attrtype Sync="TRUE">Integer</attrtype><attwidth Sync="TRUE">10</attwidth><atprecis Sync="TRUE">10</atprecis><attscale Sync="TRUE">0</attscale></attr><attr><attrlabl Sync="TRUE">Area</attrlabl><attalias Sync="TRUE">Area</attalias><attrtype Sync="TRUE">Double</attrtype><attwidth Sync="TRUE">19</attwidth><atprecis Sync="TRUE">0</atprecis><attscale Sync="TRUE">0</attscale></attr><attr><attrlabl Sync="TRUE">Perimeter</attrlabl><attalias Sync="TRUE">Perimeter</attalias><attrtype Sync="TRUE">Double</attrtype><attwidth Sync="TRUE">19</attwidth><atprecis Sync="TRUE">0</atprecis><attscale Sync="TRUE">0</attscale></attr><attr><attrlabl Sync="TRUE">InvPPComp</attrlabl><attalias Sync="TRUE">InvPPComp</attalias><attrtype Sync="TRUE">Double</attrtype><attwidth Sync="TRUE">19</attwidth><atprecis Sync="TRUE">0</atprecis><attscale Sync="TRUE">0</attscale></attr><attr><attrlabl Sync="TRUE">SchwComp</attrlabl><attalias Sync="TRUE">SchwComp</attalias><attrtype Sync="TRUE">Double</attrtype><attwidth Sync="TRUE">19</attwidth><atprecis Sync="TRUE">0</atprecis><attscale Sync="TRUE">0</attscale></attr><attr><attrlabl Sync="TRUE">CH_Comp</attrlabl><attalias Sync="TRUE">CH_Comp</attalias><attrtype Sync="TRUE">Double</attrtype><attwidth Sync="TRUE">19</attwidth><atprecis Sync="TRUE">0</atprecis><attscale Sync="TRUE">0</attscale></attr><attr><attrlabl Sync="TRUE">ReockComp</attrlabl><attalias Sync="TRUE">ReockComp</attalias><attrtype Sync="TRUE">Double</attrtype><attwidth Sync="TRUE">19</attwidth><atprecis Sync="TRUE">0</atprecis><attscale Sync="TRUE">0</attscale></attr><attr><attrlabl Sync="TRUE">ORIG_FID</attrlabl><attalias Sync="TRUE">ORIG_FID</attalias><attrtype Sync="TRUE">Integer</attrtype><attwidth Sync="TRUE">10</attwidth><atprecis Sync="TRUE">10</atprecis><attscale Sync="TRUE">0</attscale></attr><attr><attrlabl Sync="TRUE">Shape_Le_1</attrlabl><attalias Sync="TRUE">Shape_Le_1</attalias><attrtype Sync="TRUE">Double</attrtype><attwidth Sync="TRUE">19</attwidth><atprecis Sync="TRUE">0</atprecis><attscale Sync="TRUE">0</attscale></attr><attr><attrlabl Sync="TRUE">Shape_Le_2</attrlabl><attalias Sync="TRUE">Shape_Le_2</attalias><attrtype Sync="TRUE">Double</attrtype><attwidth Sync="TRUE">19</attwidth><atprecis Sync="TRUE">0</atprecis><attscale Sync="TRUE">0</attscale></attr><attr><attrlabl Sync="TRUE">Shape_Le_3</attrlabl><attalias Sync="TRUE">Shape_Le_3</attalias><attrtype Sync="TRUE">Double</attrtype><attwidth Sync="TRUE">19</attwidth><atprecis Sync="TRUE">0</atprecis><attscale Sync="TRUE">0</attscale></attr><attr><attrlabl Sync="TRUE">Labels</attrlabl><attalias Sync="TRUE">Labels</attalias><attrtype Sync="TRUE">String</attrtype><attwidth Sync="TRUE">50</attwidth><atprecis Sync="TRUE">0</atprecis><attscale Sync="TRUE">0</attscale></attr></detailed></eainfo><mdDateSt Sync="TRUE">20211029</mdDateSt></metadata>
