Tract,Population,VAP,Hispanic,Hispanic any race,NH_White,NH_Black,NH_AINA,NH_Asian,NH_NHPI,NH_some_other,NH_2+,CVAP
45001950100,2981,2371,2981,34,2490,401,0,0,0,0,56,2370
45001950200,4310,3485,4310,122,3299,693,0,79,0,0,117,3422
45001950300,3464,2873,3464,12,3325,126,0,0,0,0,1,2873
45001950400,5901,4606,5901,173,3829,1835,0,0,0,0,64,4547
45001950500,5214,4068,5214,12,2573,2569,15,0,0,0,45,4068
45001950600,2757,2147,2757,14,1440,1180,0,0,0,0,123,2142
45003020100,4948,3927,4948,416,3624,863,0,0,0,0,45,3842
45003020200,5906,4757,5906,134,3984,1788,0,0,0,0,0,4619
45003020301,2450,1844,2450,278,1946,180,0,0,11,0,35,1659
45003020302,6669,5194,6669,205,3252,2988,0,189,0,0,35,4940
45003020400,9101,6641,9101,1028,5855,2052,0,42,0,7,117,6247
45003020500,8648,6858,8648,224,6937,1422,0,13,0,0,52,6778
45003020601,3910,2993,3910,38,2855,927,33,6,0,0,51,2987
45003020602,6013,4526,6013,362,3090,1881,0,206,0,0,474,4248
45003020701,4974,4055,4974,228,4038,413,0,43,0,0,252,3950
45003020702,5197,3842,5197,1102,2420,1613,0,0,0,0,62,3443
45003020801,3051,2436,3051,85,2761,179,0,26,0,0,0,2415
45003020802,5511,4306,5511,307,3586,1263,0,19,0,69,267,4189
45003020901,2438,1952,2438,141,1617,651,20,0,0,0,9,1909
45003020902,5778,4875,5778,329,3315,1827,0,153,0,0,154,4540
45003021001,4683,3557,4683,413,3112,1050,48,0,0,0,60,3468
45003021002,5144,3481,5144,907,3148,1007,0,0,0,0,82,3071
45003021101,3005,2140,3005,17,2607,369,0,0,0,0,12,2132
45003021102,4003,3170,4003,190,3214,525,0,0,0,31,43,3127
45003021201,5391,4395,5391,89,4481,648,0,135,19,0,19,4276
45003021202,3618,3053,3618,46,3162,345,0,47,0,0,18,3053
45003021203,8698,7205,8698,121,7095,1188,28,205,0,0,61,7094
45003021300,4820,4203,4820,62,3798,917,0,5,0,0,38,4138
45003021400,5735,4425,5735,314,1202,4156,0,0,0,0,63,4420
45003021500,5526,4235,5526,44,3387,1487,0,181,50,0,377,4054
45003021601,6053,4717,6053,412,2265,3273,20,42,0,0,41,4521
45003021602,8819,6754,8819,125,6132,1675,104,173,0,34,576,6649
45003021700,5003,3806,5003,7,3375,1214,163,25,0,0,219,3722
45003021800,2550,1985,2550,7,1390,1091,14,2,0,0,46,1979
45003021900,5709,4381,5709,821,3631,1141,43,30,0,0,43,4003
45003022001,4535,3716,4535,767,2917,778,37,0,0,0,36,3436
45003022002,6804,5404,6804,327,4591,1754,0,0,0,0,132,5313
45003022100,3611,2802,3611,76,2623,706,0,15,0,0,191,2786
45003980100,0,0,0,0,0,0,0,0,0,0,0,0
45005970200,4216,3343,4216,65,558,3534,25,9,0,0,25,3310
45005970300,1126,917,1126,16,456,647,0,0,4,0,3,909
45005970400,3682,3070,3682,221,979,2463,0,5,0,0,14,2960
45007000200,4335,3636,4335,119,3843,202,0,30,0,11,130,3623
45007000300,4717,3938,4717,510,3402,595,0,15,0,0,195,3836
45007000500,3018,2162,3018,126,870,1943,0,52,0,0,27,2124
45007000600,3161,2488,3161,360,762,2013,0,0,0,0,26,2404
45007000700,4471,3459,4471,132,1685,2465,19,0,0,0,170,3459
45007000800,3122,2297,3122,594,1425,994,66,0,0,0,43,2128
45007000900,3423,2490,3423,387,1703,1134,0,0,10,0,189,2378
45007001000,2498,2176,2498,131,1909,434,0,0,0,0,24,2041
45007001100,5073,3933,5073,86,4571,369,0,11,0,0,36,3916
45007010102,7454,6007,7454,47,6492,706,5,204,0,0,0,5888
45007010103,9267,6599,9267,919,7354,471,0,198,0,38,287,6156
45007010104,8997,6553,8997,27,8022,735,56,22,0,0,135,6531
45007010200,5026,3773,5026,101,4614,40,0,63,0,0,208,3686
45007010300,3906,2931,3906,360,3335,146,7,0,0,4,54,2788
45007010401,6522,5182,6522,394,5386,612,0,0,0,0,130,4901
45007010402,7349,5453,7349,234,6403,620,32,0,0,0,60,5368
45007010500,7194,5462,7194,352,6139,386,33,241,0,0,43,5314
45007010600,7643,5826,7643,62,6919,413,17,137,19,0,76,5785
45007010700,6567,5339,6567,106,3939,2161,10,95,25,42,189,5276
45007010800,4481,3667,4481,29,3993,394,0,0,0,0,65,3667
45007010900,4121,3428,4121,0,4012,80,11,0,0,0,18,3381
45007011001,4899,3932,4899,18,4281,415,0,0,0,0,185,3920
45007011002,4500,3580,4500,89,3630,519,0,44,0,0,218,3562
45007011100,2515,2019,2515,13,2100,223,11,105,0,43,20,2012
45007011201,4847,3602,4847,339,3885,254,0,249,0,0,120,3513
45007011202,9346,6937,9346,110,8123,605,0,310,0,0,198,6819
45007011300,6890,5406,6890,23,5481,1322,0,0,0,0,64,5393
45007011401,4346,3468,4346,206,3543,489,0,6,0,14,88,3453
45007011402,3847,2838,3847,39,2819,789,12,0,0,0,188,2838
45007011500,5695,4335,5695,99,4877,519,22,20,0,0,158,4335
45007011600,2031,1598,2031,24,1820,100,0,0,0,0,87,1566
45007011700,5536,4413,5536,85,4861,551,0,0,0,0,39,4358
45007011800,3568,2765,3568,68,3113,270,0,0,0,0,117,2765
45007011901,5397,4179,5397,128,3314,1780,0,25,0,16,134,4099
45007011902,3241,2570,3241,61,1400,1692,0,18,0,0,70,2549
45007012001,5118,3994,5118,242,3891,939,6,0,0,0,40,3962
45007012002,4942,3779,4942,294,3364,1171,3,0,0,8,102,3750
45007012200,5924,4246,5924,502,4815,456,0,0,0,0,151,4077
45007012300,3077,2113,3077,16,1116,1858,0,0,0,0,87,2094
45009960100,4980,4221,4980,47,1081,3818,0,10,0,0,24,4012
45009960200,7037,5453,7037,188,2677,4110,13,0,0,0,49,5419
45009960300,1248,895,1248,26,775,447,0,0,0,0,0,887
45009960400,1111,916,1111,39,638,394,0,40,0,0,0,902
45011970100,5401,3929,5401,75,2778,2453,0,0,0,0,95,3918
45011970200,3257,2352,3257,65,1142,2038,0,8,0,0,4,2333
45011970300,3986,3020,3986,82,1487,2417,0,0,0,0,0,2974
45011970400,4850,3891,4850,208,3585,948,0,16,0,21,72,3793
45011970500,3852,3003,3852,94,1764,1865,0,0,0,121,8,2998
45011980100,0,0,0,0,0,0,0,0,0,0,0,0
45013000100,4045,3489,4045,119,1290,2612,0,0,0,0,24,3489
45013000200,6386,4770,6386,548,2073,3161,202,13,0,0,389,4746
45013000300,4279,2807,4279,634,2814,705,39,6,0,0,81,2689
45013000400,787,787,787,114,478,144,0,33,0,0,18,771
45013000501,7917,5882,7917,1476,3368,2938,0,65,0,0,70,5367
45013000502,7253,4907,7253,338,3577,2936,10,91,0,0,301,4696
45013000503,6369,5012,6369,687,3938,1546,0,138,0,0,60,4824
45013000600,2406,2028,2406,260,1533,582,0,0,0,0,31,1896
45013000700,5780,4619,5780,368,3776,1343,0,110,0,0,183,4471
45013000800,7132,5572,7132,518,3841,2251,0,125,0,55,342,5491
45013000901,3010,2432,3010,160,2330,380,42,32,0,0,66,2309
45013000902,9587,7290,9587,572,7317,1063,0,331,0,23,281,7270
45013000903,2352,1736,2352,46,1424,788,0,55,0,0,39,1646
45013001000,4083,3477,4083,764,2613,358,12,107,15,28,186,3398
45013001101,4417,3579,4417,113,2227,1946,7,105,0,8,11,3518
45013001102,6015,4791,6015,121,1460,4381,0,21,0,0,32,4648
45013001200,1154,1115,1154,22,1106,0,0,11,0,0,15,1115
45013002101,444,411,444,8,420,0,0,0,0,0,16,395
45013002102,3315,2655,3315,448,2526,287,22,0,0,10,22,2409
45013002103,7145,5122,7145,1032,5412,391,0,97,6,0,207,4678
45013002104,12195,11903,12195,133,11347,292,0,143,0,0,280,11719
45013002105,4251,3295,4251,423,3395,257,0,151,0,0,25,3099
45013002106,9648,7505,9648,1264,7338,624,40,140,0,154,88,6941
45013002107,10379,7605,10379,4656,4839,773,0,71,0,2,38,6399
45013002108,4399,3336,4399,792,3331,150,0,39,0,0,87,3010
45013002201,7150,6381,7150,246,6553,183,26,105,0,0,37,6264
45013002202,3401,2943,3401,23,3180,138,0,25,35,0,0,2943
45013010100,1880,1763,1880,0,1801,21,5,28,7,0,18,1733
45013010200,4028,3372,4028,530,3340,150,0,0,0,0,8,3112
45013010300,4062,3771,4062,211,3810,11,0,30,0,0,0,3529
45013010400,5554,4873,5554,574,4623,179,0,119,59,0,0,4626
45013010500,4364,3474,4364,677,2682,766,0,16,0,0,223,3204
45013010600,4404,4007,4404,51,4294,24,0,0,0,0,35,3972
45013010700,5089,4596,5089,14,5004,71,0,0,0,0,0,4564
45013010800,3628,2611,3628,1925,861,782,0,0,0,0,60,1692
45013010900,2114,1877,2114,311,1760,34,0,9,0,0,0,1669
45013011000,1733,1416,1733,383,1009,304,0,37,0,0,0,1167
45013011100,2117,1875,2117,14,1990,11,0,102,0,0,0,1843
45013011200,762,686,762,0,758,0,0,0,0,0,4,686
45013011300,1061,980,1061,60,963,11,0,10,0,0,17,934
45013990100,0,0,0,0,0,0,0,0,0,0,0,0
45015020101,2954,2525,2954,13,1302,1627,0,0,0,12,0,2525
45015020102,3515,2949,3515,92,1849,1442,0,4,9,0,119,2945
45015020201,3676,2690,3676,54,1626,1948,16,5,0,0,27,2599
45015020202,3714,2939,3714,28,859,2790,0,0,0,0,37,2939
45015020301,3543,2628,3543,16,2918,434,0,0,0,0,175,2628
45015020302,6736,5473,6736,162,4523,1804,49,127,0,0,71,5262
45015020401,4097,3380,4097,120,2225,1648,15,0,0,0,89,3369
45015020403,8030,5983,8030,199,7353,272,0,102,0,0,104,5833
45015020404,5074,3891,5074,408,3760,767,0,21,0,0,118,3874
45015020405,3405,2854,3405,14,1321,2024,0,0,0,0,46,2846
45015020503,4824,4130,4824,39,3621,977,35,0,0,0,152,4113
45015020504,4446,3378,4446,44,2021,2278,0,8,0,6,89,3339
45015020505,4186,2888,4186,322,2179,1474,0,20,41,0,150,2857
45015020506,5722,4285,5722,41,3909,1701,0,0,0,0,71,4249
45015020600,9725,7293,9725,558,6950,1992,0,21,0,13,191,7213
45015020707,6885,5098,6885,435,4493,1689,45,41,0,0,182,5032
45015020710,7348,5000,7348,312,4298,1966,18,178,0,0,576,4692
45015020711,9536,6860,9536,582,6919,1393,47,158,0,0,437,6781
45015020712,3339,2709,3339,207,2926,48,43,25,0,0,90,2680
45015020713,4019,3383,4019,269,2810,455,33,204,0,3,245,3323
45015020714,5150,4287,5150,180,3532,1266,0,45,0,42,85,4187
45015020715,4532,3550,4532,268,2966,1053,13,0,0,0,232,3477
45015020716,8936,6467,8936,285,6617,1508,91,148,35,47,205,6305
45015020717,5393,3841,5393,546,3260,1339,32,13,0,0,203,3751
45015020718,6089,4285,6089,701,3450,1552,18,32,103,32,201,4019
45015020719,7630,5914,7630,756,5053,1291,163,109,0,0,258,5720
45015020720,2842,2219,2842,73,2445,80,30,121,0,15,78,2119
45015020721,3299,2467,3299,184,2312,545,55,76,0,20,107,2415
45015020722,3150,2495,3150,56,2641,333,6,44,0,0,70,2457
45015020723,3268,2564,3268,356,2219,381,0,83,0,79,150,2380
45015020724,3621,3273,3621,375,2455,391,0,140,0,5,255,3262
45015020725,1451,910,1451,203,889,240,0,35,0,0,84,905
45015020804,2483,2072,2483,278,1251,709,0,183,0,23,39,1873
45015020806,3920,2763,3920,500,1859,1368,10,68,0,76,39,2629
45015020807,8083,5873,8083,557,4569,2165,0,455,0,0,337,5578
45015020808,4207,2904,4207,549,1695,1438,0,163,0,0,362,2728
45015020809,3465,2770,3465,356,1713,843,0,544,0,0,9,2591
45015020810,4662,3305,4662,1038,2114,1030,15,260,0,96,109,2838
45015020811,5009,3672,5009,650,1850,1866,28,224,0,136,255,3281
45015020812,7288,5209,7288,372,5674,713,0,373,0,0,156,5006
45015020901,1977,1403,1977,249,1175,469,0,0,0,0,84,1237
45015020903,3823,3037,3823,171,3210,348,30,25,0,0,39,2968
45015020904,4754,3772,4754,532,3058,631,0,470,0,0,63,3293
45015021000,5238,4094,5238,1056,2776,998,0,201,0,66,141,3661
45015980100,0,0,0,0,0,0,0,0,0,0,0,0
45017950100,5087,4372,5087,393,3256,1275,90,0,54,0,19,4273
45017950200,6046,4774,6046,114,2786,3112,22,4,0,0,8,4735
45017950400,3530,2669,3530,46,1873,1601,10,0,0,0,0,2664
45019000100,1967,1597,1967,152,1662,142,0,0,0,0,11,1543
45019000200,1291,1118,1291,5,1237,34,0,15,0,0,0,1086
45019000400,3124,2936,3124,79,2302,616,0,44,0,0,83,2874
45019000500,1789,1634,1789,52,1707,30,0,0,0,0,0,1509
45019000600,1182,1136,1182,21,982,80,0,80,0,0,19,1094
45019000700,2558,2536,2558,73,1941,386,0,44,0,0,114,2494
45019000900,1404,1182,1404,20,626,753,0,5,0,0,0,1172
45019001000,2582,2442,2582,11,1906,578,0,78,0,0,9,2392
45019001100,2718,2094,2718,15,1068,1608,0,5,0,0,22,2064
45019001500,1461,1262,1461,32,674,735,8,0,0,0,12,1233
45019001600,1862,1522,1862,87,1216,519,4,10,0,0,26,1460
45019001901,4392,3645,4392,60,3707,544,4,23,0,0,54,3616
45019001902,5068,4402,5068,67,4067,668,81,147,0,24,14,4077
45019002002,6746,5623,6746,84,5423,814,0,234,0,0,191,5486
45019002003,10008,8947,10008,38,6663,3087,0,59,0,0,161,8935
45019002004,1611,1519,1611,0,1611,0,0,0,0,0,0,1519
45019002005,7028,5281,7028,173,6405,155,0,272,0,0,23,5227
45019002006,5299,3994,5299,73,4213,842,13,81,0,0,77,3960
45019002007,3639,2843,3639,109,3413,7,0,47,0,0,63,2819
45019002101,14007,11891,14007,806,10627,2344,0,17,0,0,213,11598
45019002103,3518,2984,3518,220,2049,1234,0,0,0,0,15,2955
45019002104,1676,1646,1676,18,1605,22,0,25,0,0,6,1634
45019002105,1842,1807,1842,2,1807,10,4,19,0,0,0,1788
45019002200,2910,2336,2910,187,1040,1673,0,0,0,0,10,2299
45019002300,1670,1502,1670,57,1047,566,0,0,0,0,0,1455
45019002400,4849,3873,4849,174,1689,2961,0,0,0,0,25,3818
45019002502,7266,6014,7266,336,3597,3114,0,55,0,26,138,5870
45019002604,3359,2907,3359,42,2617,508,11,56,5,32,88,2819
45019002605,3923,3386,3923,160,2042,1534,0,101,0,36,50,3241
45019002606,2287,1893,2287,47,2092,107,0,9,0,0,32,1870
45019002611,2889,2553,2889,39,2344,426,0,41,0,0,39,2519
45019002612,6354,5066,6354,139,3031,3032,0,152,0,0,0,5002
45019002613,5810,4801,5810,150,3958,1255,0,258,0,0,189,4568
45019002614,3519,2847,3519,318,1894,969,0,87,193,0,58,2748
45019002701,2493,1979,2493,151,737,1538,0,22,0,0,45,1963
45019002702,4988,3733,4988,86,1896,2997,0,8,0,0,1,3703
45019002801,4568,3852,4568,234,3371,765,0,173,4,0,21,3728
45019002802,2606,2182,2606,69,2452,56,0,15,0,0,14,2167
45019002900,2788,2593,2788,13,1812,931,0,18,0,0,14,2569
45019003000,3614,3000,3614,31,3496,2,0,85,0,0,0,2933
45019003104,4999,3536,4999,2073,961,1840,0,74,0,0,51,2279
45019003105,4381,2837,4381,1955,677,1607,0,7,0,0,135,1881
45019003106,9437,7162,9437,304,4248,4227,38,159,0,0,461,7114
45019003107,5515,4549,5515,397,1795,3092,0,85,0,0,146,4468
45019003108,3784,2977,3784,302,1049,2253,44,89,0,0,47,2701
45019003109,3192,2502,3192,267,1658,1016,17,131,0,80,23,2310
45019003110,6751,5000,6751,1124,2953,2389,128,42,0,0,115,4587
45019003111,4161,3601,4161,708,887,2429,0,0,0,0,137,3424
45019003113,3740,2856,3740,410,1608,1253,48,90,0,111,220,2648
45019003114,8849,7020,8849,277,5243,2612,0,216,0,120,381,6697
45019003115,8846,6301,8846,437,3836,3672,21,182,5,0,693,5997
45019003200,1649,1085,1649,140,1083,232,0,12,5,0,177,1065
45019003300,4359,3143,4359,670,643,3042,0,0,4,0,0,2851
45019003400,4699,3320,4699,1114,925,2556,16,21,0,0,67,2822
45019003500,3142,2595,3142,101,2565,249,77,0,0,0,150,2513
45019003600,2723,2284,2723,235,1962,461,0,0,0,0,65,2210
45019003700,3593,2755,3593,123,580,2847,0,21,0,0,22,2621
45019003800,3774,2821,3774,167,419,3110,0,43,0,0,35,2756
45019003900,5376,4835,5376,400,2028,2697,0,9,53,0,189,4566
45019004000,2849,1998,2849,154,146,2457,5,0,0,0,87,1969
45019004300,2733,1992,2733,75,219,2335,0,0,0,77,27,1903
45019004400,2276,1761,2276,99,397,1759,0,21,0,0,0,1649
45019004606,10271,8438,10271,332,8974,770,0,14,0,20,161,8201
45019004607,5627,4862,5627,64,4983,76,53,252,0,0,199,4342
45019004608,29512,20404,29512,758,26908,1143,18,336,0,0,349,19832
45019004609,7996,6177,7996,315,6134,1326,43,144,0,0,34,5996
45019004610,4283,3297,4283,190,3629,404,0,11,0,0,49,3258
45019004611,9600,7857,9600,249,8091,762,0,390,0,0,108,7517
45019004612,7240,5819,7240,210,6010,541,46,117,0,0,316,5775
45019004613,1754,1339,1754,0,1546,132,17,21,0,16,22,1339
45019004614,7715,5549,7715,152,6780,591,0,127,0,0,65,5426
45019004701,6178,4860,6178,132,5110,542,0,126,0,0,268,4561
45019004702,2501,2140,2501,133,2215,49,0,32,0,0,72,2093
45019004800,2203,1760,2203,28,2122,5,0,26,0,0,22,1722
45019004901,1850,1570,1850,29,1706,0,0,9,0,0,106,1559
45019004902,2510,2007,2510,52,2343,0,0,89,0,0,26,1941
45019005000,5141,4261,5141,35,2150,2902,0,43,0,0,11,4222
45019005100,1350,1286,1350,156,960,191,6,5,0,0,32,1181
45019005200,4894,4555,4894,209,3605,878,8,77,0,11,106,4485
45019005300,3259,2721,3259,76,1088,2056,0,0,0,14,25,2665
45019005400,2614,1804,2614,23,388,2179,7,0,0,0,17,1785
45019005500,1497,1143,1497,15,173,1233,0,0,0,0,76,1143
45019005600,13568,10922,13568,892,9610,2418,0,309,0,0,339,10517
45019005700,8881,7413,8881,139,7457,938,0,246,0,46,55,7295
45019005800,7228,6029,7228,440,4978,1536,0,175,0,14,85,5901
45019990100,0,0,0,0,0,0,0,0,0,0,0,0
45021970100,7990,6249,7990,269,7387,261,0,54,0,0,19,6230
45021970201,3395,2687,3395,95,2370,850,0,8,0,0,72,2679
45021970202,7510,5531,7510,718,5304,1391,0,88,9,0,0,5243
45021970301,4234,3224,4234,92,1783,2142,0,0,0,0,217,3209
45021970302,4151,3052,4151,212,2071,1796,0,24,0,0,48,2936
45021970401,3740,2767,3740,4,2942,520,31,7,0,0,236,2767
45021970402,6239,4963,6239,435,5173,435,6,7,16,0,167,4739
45021970501,1993,1555,1993,12,1526,447,0,0,0,0,8,1555
45021970502,5076,3852,5076,233,2006,2560,22,0,0,0,255,3812
45021970503,1432,1012,1432,71,1300,22,0,30,0,0,9,977
45021970601,4241,3563,4241,13,3336,807,0,17,0,0,68,3531
45021970602,2877,2130,2877,33,2667,106,0,5,0,0,66,2130
45021970700,4017,3088,4017,292,3543,57,0,92,0,16,17,3012
45023020100,1684,1254,1684,11,712,908,13,11,0,0,29,1248
45023020200,3002,2377,3002,13,1062,1896,0,0,0,0,31,2377
45023020300,3548,2769,3548,39,860,2649,0,0,0,0,0,2761
45023020400,2545,2148,2545,40,1510,971,0,0,0,0,24,2092
45023020500,2874,2278,2874,0,1907,927,14,0,0,0,26,2278
45023020601,2171,1874,2171,0,1778,353,0,36,0,0,4,1870
45023020602,4498,3369,4498,297,2848,1275,33,0,0,10,35,3361
45023020700,2158,1647,2158,146,1416,496,0,0,0,0,100,1628
45023020800,5350,3849,5350,84,4218,985,0,18,0,4,41,3831
45023020900,2150,1766,2150,0,1406,547,93,0,0,0,104,1766
45023021000,2331,1710,2331,23,1237,941,0,0,0,0,130,1697
45025950101,4932,3888,4932,571,3114,1024,0,0,0,0,223,3691
45025950102,4094,2973,4094,463,1856,1552,17,20,0,0,186,2789
45025950200,4968,3713,4968,258,3353,1037,75,19,0,0,226,3685
45025950300,2815,2265,2815,39,1685,881,0,2,21,22,165,2250
45025950400,7582,6098,7582,20,5224,2180,0,24,12,0,122,6056
45025950501,2377,1838,2377,137,962,1245,0,0,0,0,33,1838
45025950502,6022,4921,6022,79,2966,2732,0,150,0,0,95,4778
45025950600,5429,4090,5429,231,2902,2286,0,0,0,0,10,4061
45025950700,4846,3822,4846,101,4058,586,0,15,0,0,86,3755
45025950800,2888,2145,2888,86,1587,1073,47,0,0,0,95,2104
45027960100,3758,2854,3758,136,2729,849,0,7,0,0,37,2753
45027960201,1824,1422,1824,34,972,761,0,0,0,0,57,1415
45027960202,1218,1218,1218,8,366,840,0,0,0,0,4,1210
45027960300,2059,1684,2059,66,1043,945,0,0,0,0,5,1664
45027960400,2398,2043,2398,49,1053,1216,0,47,0,0,33,2015
45027960500,4784,3475,4784,402,866,3499,0,0,0,0,17,3275
45027960600,2617,1939,2617,172,921,1471,0,43,0,10,0,1912
45027960701,3997,3029,3997,96,2092,1587,8,102,0,0,112,3000
45027960702,1124,857,1124,36,623,443,0,0,0,0,22,857
45027960703,3564,3222,3564,20,2968,500,0,0,0,0,76,3174
45027960801,3287,2815,3287,14,783,2472,12,2,0,0,4,2802
45027960802,3327,2772,3327,21,1789,1455,10,0,0,0,52,2772
45029970100,1623,1301,1623,52,714,815,23,0,0,6,13,1301
45029970200,1309,1131,1309,42,763,412,0,45,0,0,47,1121
45029970300,6258,4767,6258,390,2557,3197,33,0,0,50,31,4552
45029970401,3866,3074,3866,0,2940,926,0,0,0,0,0,3074
45029970402,3483,2632,3483,40,2587,832,0,0,0,0,24,2595
45029970500,5040,3778,5040,21,2338,2664,0,0,0,0,17,3778
45029970600,7756,5892,7756,434,3858,3184,114,0,0,0,166,5779
45029970700,6464,4896,6464,226,4386,1700,134,0,0,0,18,4888
45029970800,1786,1687,1786,0,1130,645,0,4,0,0,7,1682
45029990100,0,0,0,0,0,0,0,0,0,0,0,0
45031010100,2707,2240,2707,20,1104,1529,0,0,9,0,45,2240
45031010200,5706,4464,5706,139,4906,514,84,0,0,0,63,4464
45031010300,5378,4103,5378,155,3771,1384,33,35,0,0,0,4012
45031010400,6004,4873,6004,173,4972,809,0,0,0,0,50,4857
45031010500,2661,2117,2661,38,1879,701,0,38,0,0,5,2072
45031010600,5293,3814,5293,68,1886,3118,0,136,0,0,85,3790
45031010700,2728,1895,2728,12,37,2671,0,0,8,0,0,1895
45031010800,2585,2043,2585,0,1542,1034,0,0,0,0,9,2043
45031010900,7274,5516,7274,263,3817,2877,15,10,0,0,292,5459
45031011000,3125,2532,3125,0,1885,1145,5,0,0,0,90,2517
45031011100,1945,1559,1945,40,1094,775,0,0,0,0,36,1550
45031011200,4377,3506,4377,193,2150,1971,21,0,0,0,42,3424
45031011300,5218,4144,5218,228,2263,2624,0,0,0,0,103,4080
45031011400,4296,3320,4296,13,1089,3094,0,0,0,0,100,3296
45031011500,4255,3153,4255,26,2308,1906,0,0,0,0,15,3127
45031011600,3475,2717,3475,0,1987,1358,0,28,0,0,102,2717
45033970100,3475,2688,3475,260,1041,1923,170,1,0,0,80,2586
45033970200,5629,4061,5629,414,2528,2477,145,0,0,0,65,3940
45033970300,5441,4050,5441,42,2916,2272,125,0,0,0,86,4050
45033970400,4757,3509,4757,82,1065,3499,80,0,0,0,31,3394
45033970500,3848,3107,3848,11,2290,1166,14,0,0,0,367,3107
45033970600,7539,5466,7539,39,4152,3293,26,21,0,0,8,5402
45035010100,2358,1958,2358,12,1273,1036,0,2,0,0,35,1958
45035010200,5082,4105,5082,150,2113,2638,11,0,0,0,170,4070
45035010300,6380,5069,6380,33,3548,2636,25,33,0,2,103,5061
45035010400,7002,5745,7002,336,3616,2555,146,0,0,0,349,5597
45035010501,6784,4605,6784,260,4958,1127,0,55,0,0,384,4558
45035010503,4938,3683,4938,102,4179,540,0,82,0,0,35,3627
45035010504,8521,6006,8521,341,5786,1938,101,69,0,0,286,5810
45035010505,6839,5317,6839,427,4965,1306,0,28,0,113,0,5199
45035010603,7411,5507,7411,547,5603,923,42,155,25,0,116,5392
45035010604,4590,3255,4590,277,2892,1033,35,37,0,0,316,3238
45035010605,8800,6482,8800,314,6262,1962,12,44,0,124,82,6482
45035010606,2076,1629,2076,86,1683,263,0,0,0,5,39,1612
45035010700,6261,4662,6261,277,3556,2084,85,0,115,0,144,4648
45035010801,7038,5070,7038,247,5664,939,0,49,0,68,71,5059
45035010807,5750,4328,5750,322,4354,732,24,93,0,0,225,4266
45035010808,8065,6401,8065,294,6019,1119,0,336,0,0,297,6160
45035010809,4425,3482,4425,303,3134,891,0,35,0,9,53,3322
45035010813,9284,7320,9284,274,5676,2920,39,105,0,8,262,7138
45035010814,6474,4866,6474,430,4633,1247,0,93,0,0,71,4832
45035010815,3182,2488,3182,271,1563,1066,0,93,0,0,189,2267
45035010816,13455,8755,13455,907,7115,3375,22,735,58,72,1171,7954
45035010817,4166,3288,4166,239,2759,1014,6,120,0,0,28,3251
45035010818,7909,5985,7909,1639,3061,2986,53,39,0,102,29,4974
45035010819,5128,3842,5128,253,3259,1280,0,223,0,4,109,3741
45035010820,6381,5213,6381,175,3966,1681,0,440,0,0,119,5141
45037970201,1909,1417,1909,0,1239,665,0,0,5,0,0,1417
45037970202,7253,6488,7253,502,3454,3136,52,36,7,14,52,6231
45037970300,4672,3736,4672,349,2059,2151,0,0,0,0,113,3421
45037970400,3331,2844,3331,310,1316,1658,12,0,0,2,33,2707
45037970501,4242,3134,4242,90,2867,1120,0,0,0,0,165,3115
45037970502,5520,4373,5520,355,4330,713,15,16,0,0,91,4266
45039960100,2029,1588,2029,5,347,1677,0,0,0,0,0,1583
45039960200,3493,2988,3493,8,1391,2020,26,0,0,0,48,2988
45039960300,6026,5030,6026,256,3247,2468,20,2,0,0,33,5010
45039960400,6245,4925,6245,212,1867,4155,0,0,0,0,11,4881
45039960500,4772,3680,4772,13,1761,2860,0,0,0,0,138,3680
45041000101,3609,2695,3609,176,2472,679,0,180,0,16,86,2560
45041000102,6152,4507,6152,117,4851,1126,0,58,0,0,0,4445
45041000201,2578,1956,2578,10,1698,727,0,57,0,1,85,1927
45041000202,7944,6621,7944,164,4851,2475,50,268,0,0,136,6539
45041000300,4353,3356,4353,13,684,3608,1,21,0,13,13,3338
45041000400,4627,3470,4627,145,2717,1668,0,97,0,0,0,3361
45041000500,6530,5023,6530,187,2662,3499,1,14,0,0,167,4994
45041000600,5177,3887,5177,181,3316,1414,0,203,0,0,63,3810
45041000700,2336,1668,2336,97,170,2036,16,17,0,0,0,1597
45041000800,3892,3003,3892,0,26,3866,0,0,0,0,0,3003
45041000900,4002,2811,4002,0,43,3959,0,0,0,0,0,2811
45041001000,1903,1623,1903,66,918,764,4,16,90,0,45,1578
45041001100,4589,3497,4589,50,2508,1790,43,25,0,35,138,3470
45041001200,3214,2372,3214,17,2805,313,0,34,0,0,45,2327
45041001300,3762,2857,3762,140,2442,1082,0,71,0,27,0,2843
45041001400,7814,6092,7814,252,4971,2128,92,297,0,0,74,6015
45041001503,3778,2878,3778,45,2262,1382,0,38,0,0,51,2827
45041001504,6133,4537,6133,458,3252,2351,0,0,19,0,53,4391
45041001505,3732,2815,3732,88,2414,1096,0,53,0,0,81,2793
45041001506,2187,1734,2187,15,1404,705,0,0,0,13,50,1728
45041001601,6522,4900,6522,605,2272,3421,20,88,0,0,116,4684
45041001602,4945,4107,4945,39,3562,1160,0,0,0,37,147,4100
45041001700,2618,1960,2618,0,1782,832,0,0,0,0,4,1950
45041001800,3607,2869,3607,72,2188,1270,0,0,0,36,41,2746
45041001900,6296,4288,6296,68,4076,2142,0,10,0,0,0,4282
45041002000,3876,3025,3876,33,1855,1956,0,0,0,0,32,3023
45041002201,5038,3634,5038,178,618,3970,18,213,0,0,41,3516
45041002202,3637,2826,3637,14,1143,2463,0,0,0,0,17,2826
45041002300,3620,2763,3620,65,3177,322,0,0,0,0,56,2748
45041002400,3387,2549,3387,202,1763,1273,30,0,0,0,119,2486
45041002500,3134,2341,3134,149,1925,954,10,29,0,0,67,2296
45041002600,3483,2837,3483,11,966,2462,11,0,0,0,33,2828
45041980100,0,0,0,0,0,0,0,0,0,0,0,0
45043920100,4139,3059,4139,16,1904,2210,0,0,0,2,7,3058
45043920201,4889,3830,4889,188,2694,2002,0,0,0,0,5,3798
45043920202,2270,1714,2270,87,1377,781,0,0,0,0,25,1709
45043920301,4769,3705,4769,98,2415,2205,6,40,0,0,5,3653
45043920302,3015,2475,3015,94,1896,977,12,0,0,0,36,2398
45043920400,2629,2039,2629,0,754,1843,11,0,0,10,11,2033
45043920501,5724,4876,5724,176,4844,515,0,150,0,10,29,4766
45043920502,3600,3302,3600,0,2886,702,0,0,0,0,12,3302
45043920503,6140,5225,6140,785,4424,766,19,49,0,48,49,4830
45043920504,5904,5071,5904,76,4807,965,0,56,0,0,0,4983
45043920505,4538,4071,4538,61,4207,226,0,22,0,0,22,4063
45043920600,5839,4366,5839,54,2594,2785,0,0,0,0,406,4330
45043920700,5092,3962,5092,141,3542,1287,0,0,0,0,122,3886
45043920800,3404,2690,3404,126,1389,1851,0,0,0,24,14,2644
45043990100,0,0,0,0,0,0,0,0,0,0,0,0
45045000100,2447,2121,2447,99,1724,531,0,62,0,0,31,2081
45045000200,1491,1392,1491,119,1281,49,0,26,0,0,16,1246
45045000400,1336,1228,1336,39,983,290,0,7,0,0,17,1201
45045000500,1438,1272,1438,80,581,731,3,14,0,0,29,1268
45045000700,2571,2218,2571,173,1122,1142,19,10,0,10,95,2070
45045000800,1371,987,1371,35,532,754,0,7,0,1,42,957
45045000900,1109,876,1109,9,345,723,0,0,0,0,32,858
45045001000,2200,1781,2200,18,1747,339,0,51,0,0,45,1758
45045001101,4158,3307,4158,86,3771,101,5,37,144,0,14,3190
45045001102,1970,1372,1970,19,1855,68,0,0,0,0,28,1343
45045001203,2635,2446,2635,146,2118,147,3,103,24,14,80,2277
45045001204,2717,2184,2717,161,1670,741,0,84,0,11,50,2102
45045001205,1334,1094,1334,52,864,292,8,0,69,0,49,1032
45045001302,1516,1309,1516,115,1282,115,0,4,0,0,0,1296
45045001400,4010,3280,4010,65,3545,332,8,33,0,4,23,3246
45045001501,4300,3027,4300,27,3937,198,0,36,0,15,87,2989
45045001502,2587,1805,2587,64,335,2027,14,0,0,16,131,1745
45045001600,4909,3655,4909,680,4076,107,0,13,0,0,33,3454
45045001700,3888,3045,3888,859,2087,451,0,477,0,0,14,2516
45045001803,4458,3448,4458,984,2953,234,0,162,34,0,91,3001
45045001804,4405,3583,4405,142,3523,481,43,176,0,0,40,3537
45045001805,4523,3851,4523,81,4171,211,7,20,0,0,33,3801
45045001807,5134,4090,5134,602,3675,578,10,173,0,35,61,3715
45045001808,3817,3291,3817,304,2315,691,23,403,0,0,81,2757
45045001809,3207,2780,3207,438,2185,352,0,176,0,9,47,2391
45045001810,3562,3021,3562,660,1822,806,27,150,32,0,65,2564
45045001900,7210,5241,7210,31,5660,1500,0,19,0,0,0,5147
45045002001,3275,2211,3275,348,201,2707,0,0,0,0,19,2100
45045002003,4866,3070,4866,1519,1100,2147,0,8,0,26,66,2355
45045002005,3948,3015,3948,371,980,2171,0,65,0,0,361,2951
45045002103,3165,2513,3165,116,1967,1032,7,0,0,15,28,2467
45045002104,1940,1255,1940,494,674,757,0,0,0,7,8,1076
45045002105,2593,1901,2593,490,1035,1012,17,0,0,0,39,1732
45045002106,3300,2597,3300,1076,1536,609,0,65,0,0,14,2114
45045002107,2525,2112,2525,216,1586,676,7,0,0,0,40,2040
45045002108,1584,1330,1584,62,912,535,0,0,0,0,75,1309
45045002201,6209,4684,6209,2229,3205,757,0,0,0,0,18,3486
45045002202,2353,1674,2353,700,1050,599,0,0,0,0,4,1375
45045002301,4248,3253,4248,1212,2375,544,0,64,0,0,53,2727
45045002302,4204,3141,4204,678,1607,1545,0,113,151,0,110,2710
45045002303,1992,1436,1992,422,747,788,10,8,0,0,17,1324
45045002304,2498,1960,2498,218,835,1215,0,0,151,0,79,1637
45045002402,8266,6542,8266,546,7271,309,21,13,0,0,106,6259
45045002403,4624,3531,4624,20,4419,78,0,0,0,63,44,3531
45045002404,3561,3143,3561,53,3401,107,0,0,0,0,0,3118
45045002503,10498,7851,10498,1560,6512,710,41,1451,0,0,224,6618
45045002504,1643,1257,1643,322,882,412,0,4,0,0,23,1079
45045002505,3530,2672,3530,850,2005,618,0,0,0,30,27,2231
45045002506,3882,2997,3882,154,3440,236,0,0,0,0,52,2977
45045002507,4876,3796,4876,554,3609,531,0,9,0,24,149,3650
45045002602,4444,3460,4444,462,3087,585,20,204,0,0,86,3272
45045002604,5929,4403,5929,779,3633,1298,25,110,0,0,84,4045
45045002606,6003,4481,6003,212,5320,396,0,0,0,0,75,4371
45045002608,9138,6785,9138,466,6826,696,39,864,14,45,188,6305
45045002609,6762,5068,6762,351,5436,848,0,127,0,0,0,4733
45045002610,3178,2446,3178,366,2146,513,0,72,0,0,81,2350
45045002611,5504,4338,5504,424,3905,624,15,46,0,0,490,4177
45045002701,4310,3451,4310,40,4147,48,7,7,0,42,19,3436
45045002702,7338,5735,7338,258,6387,519,0,45,0,0,129,5634
45045002803,8157,5986,8157,483,6491,299,151,339,0,78,316,5439
45045002804,2127,1735,2127,10,2030,47,4,7,0,0,29,1721
45045002805,5071,4000,5071,207,3601,464,0,390,409,0,0,3790
45045002808,8322,6741,8322,628,5225,1051,0,1021,111,18,268,6010
45045002811,8991,7156,8991,554,6340,1152,0,705,0,16,224,6604
45045002812,7417,5449,7417,316,5773,567,0,523,0,0,238,5282
45045002813,4602,3259,4602,174,3851,224,22,253,0,14,64,3129
45045002814,6580,4524,6580,251,5347,508,0,376,0,0,98,4343
45045002815,6123,4438,6123,559,5028,112,0,321,0,0,103,4326
45045002816,12304,7911,12304,885,9225,1131,26,784,0,0,253,7505
45045002901,6505,4961,6505,647,3238,2311,17,51,0,0,241,4574
45045002903,7996,6233,7996,1103,4552,2020,19,143,0,0,159,5736
45045002904,5863,4772,5863,471,3484,1587,20,136,82,0,83,4627
45045002905,4900,3579,4900,369,3145,1239,0,53,0,10,84,3494
45045003005,2801,2129,2801,199,1820,741,0,12,0,0,29,2078
45045003008,7087,5277,7087,400,5491,589,26,409,0,27,145,5080
45045003009,8386,6175,8386,271,7273,674,31,57,0,0,80,5887
45045003010,7850,5730,7850,641,5615,1386,12,98,0,0,98,5572
45045003011,5824,4591,5824,350,4118,1212,14,80,0,0,50,4477
45045003012,5480,4507,5480,676,3829,813,0,112,0,50,0,4216
45045003013,8183,5858,8183,655,5330,1998,34,11,0,52,103,5556
45045003014,6146,4879,6146,186,4875,735,57,54,0,0,239,4723
45045003015,10382,7388,10382,576,7594,1777,0,181,24,27,203,7063
45045003101,8625,6573,8625,582,5324,2453,81,15,0,0,170,6453
45045003103,2989,2215,2989,194,2201,582,0,0,0,0,12,2116
45045003104,2187,1691,2187,184,1941,59,0,0,0,0,3,1652
45045003201,5778,4834,5778,378,4197,1155,25,0,1,0,22,4635
45045003202,3335,2696,3335,103,3086,133,0,0,0,0,13,2688
45045003301,7464,5677,7464,402,5028,1718,28,0,0,23,265,5620
45045003303,5468,4091,5468,747,2672,1825,0,23,0,0,201,3964
45045003304,7189,5411,7189,766,3066,3151,0,51,0,49,106,5116
45045003401,832,669,832,108,293,385,0,0,0,0,46,644
45045003500,2563,1907,2563,189,1120,1079,0,0,0,53,122,1873
45045003601,5835,4215,5835,806,2782,1965,0,0,0,0,282,3861
45045003602,2795,2109,2795,631,652,1366,13,46,0,0,87,1827
45045003701,6045,4488,6045,887,3906,954,0,0,0,0,298,4273
45045003704,4355,3330,4355,1699,1692,876,0,41,0,0,47,2225
45045003705,1828,1454,1828,414,1079,162,0,39,0,34,100,1220
45045003706,3494,2628,3494,936,1644,752,0,71,0,40,51,2221
45045003707,3569,2925,3569,626,1915,922,0,42,0,0,64,2639
45045003801,7008,6245,7008,367,5749,348,0,299,21,13,211,5947
45045003802,4933,4050,4933,166,3899,782,24,24,0,0,38,3943
45045003902,4235,3143,4235,234,3682,250,19,2,16,0,32,3139
45045003903,4778,3577,4778,353,3960,320,30,39,0,27,49,3440
45045003904,6156,4423,6156,362,4746,988,0,0,0,0,60,4244
45045004001,3358,2700,3358,86,3076,48,25,36,19,0,68,2658
45045004002,5704,5023,5704,281,4895,326,18,53,17,7,107,4831
45045004101,3803,2992,3803,129,3502,130,0,0,0,0,42,2936
45045004102,899,749,899,31,840,11,11,0,0,6,0,731
45045004200,2365,1800,2365,32,1962,218,0,87,42,24,0,1744
45045004300,3751,2960,3751,125,987,2539,0,15,11,16,58,2937
45045004400,2076,1737,2076,314,934,764,0,33,0,10,21,1591
45047970101,3405,2747,3405,25,2817,527,0,36,0,0,0,2747
45047970102,4923,3788,4923,351,3329,1098,0,52,0,0,93,3753
45047970201,4103,3197,4103,43,3151,818,11,65,0,0,15,3173
45047970202,7984,6447,7984,108,4694,2434,0,273,0,189,286,6292
45047970301,4800,3881,4800,297,3486,915,0,40,0,0,62,3774
45047970302,6067,4841,6067,177,4684,1143,0,59,0,0,4,4801
45047970400,5759,4542,5759,166,3887,1676,0,0,0,8,22,4485
45047970500,4872,3464,4872,1124,411,3300,0,13,0,0,24,3196
45047970600,8029,6096,8029,673,4099,3096,0,141,0,0,20,5630
45047970701,2609,2119,2609,204,2114,199,0,47,0,16,29,2051
45047970702,5084,3660,5084,60,3079,1876,0,0,0,0,69,3615
45047970800,8777,6347,8777,867,3535,4329,46,0,0,0,0,6182
45047970900,2170,1681,2170,95,1127,624,0,0,0,0,324,1676
45047971000,1829,1431,1829,48,1609,161,0,0,0,0,11,1419
45049920100,2448,1994,2448,1,1564,856,0,0,0,6,21,1994
45049920200,6663,5105,6663,267,3644,2605,21,48,0,67,11,4970
45049920300,1940,1545,1940,10,580,1296,0,4,0,0,50,1541
45049920400,6634,5226,6634,471,1757,4299,8,0,0,38,61,5033
45049920500,1879,1464,1879,38,455,1368,0,0,0,0,18,1453
45051010100,2836,2164,2836,57,2511,236,0,0,0,0,32,2164
45051020100,3379,2647,3379,46,2532,736,27,0,0,0,38,2647
45051020200,5708,4892,5708,76,3241,2284,21,10,0,0,76,4814
45051020300,7820,5894,7820,56,5118,2437,127,15,0,0,67,5879
45051030101,688,468,688,0,345,343,0,0,0,0,0,468
45051030102,3230,2711,3230,192,2244,749,0,0,0,45,0,2607
45051030103,4107,3560,4107,27,3128,916,0,7,0,0,29,3538
45051040101,5970,4871,5970,423,3779,1754,0,0,0,0,14,4740
45051040102,5214,4355,5214,320,4085,695,2,0,0,0,112,4221
45051040103,5970,5130,5970,118,5186,413,0,237,0,0,16,5130
45051040104,2912,2608,2912,56,2529,287,0,0,0,0,40,2608
45051040105,2525,2233,2525,14,2481,25,5,0,0,0,0,2233
45051040200,3955,3482,3955,189,3351,236,0,137,0,0,42,3352
45051040300,3975,3674,3975,153,3544,90,24,150,0,0,14,3538
45051040400,4061,3524,4061,250,3385,108,42,189,0,0,87,3200
45051040500,4000,3500,4000,493,3136,334,13,4,0,0,20,3117
45051050102,3636,2877,3636,155,3223,179,0,23,0,0,56,2765
45051050200,1726,1599,1726,0,1710,5,0,11,0,0,0,1584
45051050303,3073,2636,3073,37,2972,22,7,0,0,0,35,2636
45051050401,2896,2292,2896,259,2180,388,0,0,0,0,69,2105
45051050402,2315,1983,2315,101,2062,20,0,78,0,0,54,1936
45051050500,4615,3761,4615,574,3595,174,0,174,0,0,98,3453
45051050600,5295,3664,5295,878,1696,2565,13,59,0,11,73,2976
45051050700,1505,1251,1505,256,885,317,5,0,0,31,11,1099
45051050900,6673,4733,6673,1999,2861,1238,0,305,0,123,147,3620
45051051000,5883,5324,5883,180,5398,140,0,79,0,0,86,5209
45051051201,1913,1659,1913,147,1693,15,0,24,0,0,34,1550
45051051202,2423,2203,2423,0,2411,0,0,0,0,0,12,2196
45051051301,1493,1403,1493,0,1493,0,0,0,0,0,0,1397
45051051302,2610,2193,2610,89,2478,0,25,18,0,0,0,2156
45051051403,5842,4813,5842,191,4697,266,342,190,0,33,123,4648
45051051404,4723,3957,4723,215,3702,379,43,72,74,73,165,3822
45051051405,4077,3410,4077,303,3179,140,0,0,0,3,452,3328
45051051406,3703,3588,3703,114,3434,57,98,0,0,0,0,3567
45051051501,4198,3461,4198,803,2939,251,24,96,0,0,85,3319
45051051502,10409,7984,10409,1002,7657,1150,19,0,0,111,470,7773
45051051503,4635,3461,4635,1377,2686,186,44,65,0,89,188,2582
45051051601,11542,8824,11542,1364,8959,771,0,214,0,0,234,8207
45051051603,5572,4761,5572,247,5110,67,0,148,0,0,0,4704
45051051604,11687,10436,11687,126,10931,486,0,86,0,0,58,10323
45051051605,7554,6302,7554,0,6883,393,0,185,0,52,41,6224
45051051700,1524,1445,1524,79,1374,34,17,14,0,0,6,1420
45051060101,5149,4319,5149,424,3581,911,48,4,0,55,126,4116
45051060102,3231,2459,3231,630,2358,163,0,0,0,0,80,2199
45051060203,7889,6385,7889,396,6745,396,82,177,0,0,93,6197
45051060204,8334,7059,8334,196,6901,1058,51,0,0,0,128,6803
45051060206,9202,7238,9202,555,6978,1249,0,242,0,0,178,6795
45051060207,7223,5158,7223,384,6062,373,0,225,0,117,62,4764
45051060208,3796,3217,3796,172,3151,283,0,127,0,0,63,2922
45051060209,7062,5274,7062,369,5840,612,0,196,0,0,45,5261
45051060301,4264,3455,4264,72,2948,1226,0,0,0,0,18,3403
45051060303,2628,2385,2628,146,2370,43,48,0,0,0,21,2273
45051060308,6775,5724,6775,280,5018,1202,233,12,0,0,30,5662
45051060403,2945,2245,2945,432,2137,369,0,0,0,0,7,2100
45051060404,2345,2110,2345,65,1830,397,0,19,0,0,34,1992
45051060405,7451,6213,7451,271,5404,1672,0,6,0,0,98,6158
45051060406,6790,5902,6790,105,5541,706,0,396,0,0,42,5771
45051070101,4845,4015,4845,231,4001,483,11,34,35,0,50,3920
45051070102,3514,2754,3514,254,2901,165,19,47,0,0,128,2650
45051070200,3259,2526,3259,129,2769,339,0,0,0,0,22,2480
45051070300,4254,3413,4254,134,2263,1674,0,97,0,0,86,3413
45051070400,6357,4600,6357,79,2703,3467,0,25,0,0,83,4600
45051070500,3826,3073,3826,223,2083,1512,0,0,0,0,8,3073
45051070601,4524,3331,4524,171,3822,328,24,0,0,0,179,3247
45051070602,4912,4017,4912,128,3152,1409,0,152,0,64,7,3925
45051070701,6730,5744,6730,221,5482,945,0,7,0,0,75,5633
45051070702,5536,4295,5536,757,3485,1167,0,78,0,0,49,3766
45051080101,3764,2775,3764,234,3381,93,0,24,0,0,32,2631
45051080102,2796,2123,2796,0,2421,279,0,0,0,0,96,2120
45051080200,4747,3590,4747,22,4473,234,18,0,0,0,0,3577
45051980100,152,135,152,4,143,0,0,0,0,0,5,135
45051990100,0,0,0,0,0,0,0,0,0,0,0,0
45053950100,4958,3950,4958,155,2605,2120,0,0,0,0,78,3881
45053950201,6683,6027,6683,211,4656,1721,33,26,0,0,36,5763
45053950202,8097,6270,8097,617,2281,5019,13,32,0,0,135,6061
45053950300,8919,6413,8919,2868,2721,3049,0,62,0,0,219,5090
45053990100,0,0,0,0,0,0,0,0,0,0,0,0
45055970100,2178,1858,2178,31,1365,756,2,24,0,0,0,1858
45055970200,2579,2020,2579,0,2199,202,0,0,0,0,178,2004
45055970300,2131,1776,2131,24,1781,326,0,0,0,0,0,1776
45055970401,4689,3623,4689,26,4058,605,0,0,0,0,0,3623
45055970402,3293,2265,3293,0,2412,853,9,0,0,0,19,2265
45055970403,2336,1630,2336,150,1702,386,4,0,0,0,94,1627
45055970500,5516,4383,5516,740,3640,1068,0,0,0,20,48,4181
45055970601,5968,4413,5968,440,3578,1522,62,0,0,0,366,4305
45055970602,4701,3550,4701,85,3596,754,27,0,0,0,239,3496
45055970700,3032,2282,3032,16,2061,885,0,0,0,26,44,2267
45055970800,5977,4789,5977,350,2282,3196,0,0,89,0,60,4762
45055970902,3107,2475,3107,150,2456,412,10,0,0,0,79,2466
45055970903,7517,5782,7517,400,5253,1607,0,55,0,0,202,5668
45055970904,9368,6663,9368,403,6109,2256,0,40,0,177,383,6576
45055970905,2720,2299,2720,71,2291,348,0,0,0,0,10,2245
45057010100,4111,3247,4111,25,3585,230,0,204,0,0,67,3182
45057010200,8023,6421,8023,38,5750,2050,5,22,0,0,158,6357
45057010300,5432,4468,5432,0,3299,1700,0,0,0,34,399,4437
45057010400,2317,1974,2317,17,1656,631,8,5,0,0,0,1965
45057010500,5051,3816,5051,14,3054,1549,21,81,0,0,332,3796
45057010600,6172,4740,6172,1078,2816,2212,0,0,0,0,66,4418
45057010700,3879,2842,3879,162,300,3396,0,0,0,0,21,2800
45057010800,2710,2072,2710,162,1333,1182,0,16,0,0,17,1954
45057010900,3694,2870,3694,369,2641,571,0,85,0,12,16,2593
45057011001,5288,4292,5288,19,3887,1367,0,0,0,1,14,4292
45057011002,4749,3721,4749,231,3751,634,0,0,0,0,133,3631
45057011100,5979,4970,5979,404,3954,1606,0,0,0,0,15,4705
45057011201,16150,11433,16150,1382,13062,1154,0,317,0,82,153,10971
45057011202,18753,15375,18753,1067,15670,905,57,482,0,0,572,14786
45059920101,7863,5868,7863,526,5228,1670,0,76,33,28,302,5765
45059920102,1387,1124,1387,46,1243,95,0,0,0,0,3,1120
45059920103,4292,3370,4292,228,2758,1240,28,0,1,0,37,3301
45059920104,3540,2720,3540,219,2971,169,0,0,0,10,171,2653
45059920201,3060,2386,3060,53,2807,117,9,0,0,15,59,2359
45059920202,3457,2568,3457,13,3378,0,0,11,0,0,55,2547
45059920301,3742,2893,3742,58,2738,919,13,0,0,0,14,2884
45059920302,4778,3667,4778,136,2280,2053,9,8,0,0,292,3629
45059920400,4913,3938,4913,272,2853,1683,0,65,0,0,40,3887
45059920501,1689,1365,1689,0,1138,503,15,0,0,0,33,1365
45059920502,5768,4476,5768,634,3400,1563,0,0,0,0,171,4198
45059920600,4281,3546,4281,96,3028,1024,0,0,0,0,133,3466
45059920700,4789,3609,4789,261,1879,2338,0,14,0,0,297,3555
45059920800,5307,4307,5307,308,3843,1003,0,95,0,0,58,4118
45059920900,2209,1745,2209,92,1879,189,0,34,10,0,5,1733
45059921001,3054,2301,3054,101,1930,1005,13,3,0,0,2,2294
45059921002,2717,2260,2717,220,2011,461,0,0,0,0,25,2189
45061920100,1215,1029,1215,0,755,438,0,0,0,0,22,1025
45061920200,4716,3886,4716,172,1865,2653,0,8,0,0,18,3865
45061920301,0,0,0,0,0,0,0,0,0,0,0,0
45061920302,4720,4020,4720,147,924,3584,0,0,0,0,65,4003
45061920400,3549,2813,3549,107,1520,1867,0,0,0,0,55,2734
45061920500,1647,1139,1647,0,347,1296,0,0,0,0,4,1139
45061920600,1518,1077,1518,0,222,1242,2,0,0,0,52,1077
45063020100,2745,2062,2745,13,1431,851,0,340,0,0,110,1994
45063020201,2864,2645,2864,75,2313,266,26,107,0,0,77,2632
45063020202,2392,1849,2392,0,1485,801,8,23,0,39,36,1839
45063020300,3949,3542,3949,440,2556,700,0,64,0,25,164,3252
45063020505,3936,3333,3936,693,2073,1015,0,31,50,0,74,2831
45063020506,5208,4358,5208,250,3852,865,0,168,0,10,63,4229
45063020507,6693,5402,6693,975,4357,1145,69,13,0,0,134,4971
45063020508,2051,1808,2051,29,1869,102,0,5,0,5,41,1802
45063020509,3404,2846,3404,362,2065,738,12,71,0,16,140,2693
45063020510,4598,3863,4598,99,2553,1764,0,144,0,15,23,3766
45063020511,3552,2700,3552,92,1357,1783,0,131,0,0,189,2582
45063020601,4384,3666,4384,382,2795,1076,35,14,0,23,59,3360
45063020602,4346,3599,4346,402,3107,543,0,123,0,0,171,3348
45063020604,3424,2795,3424,8,2685,619,0,80,0,0,32,2755
45063020605,2457,1992,2457,160,1676,340,0,174,0,5,102,1877
45063020703,4547,3566,4547,214,3374,630,44,60,0,7,218,3438
45063020705,3584,2711,3584,342,1669,1476,58,9,0,0,30,2492
45063020706,3433,2330,3433,460,521,2452,0,0,0,0,0,2248
45063020707,3359,2564,3359,314,2304,683,0,30,0,0,28,2539
45063020708,2575,1982,2575,30,2097,425,9,0,0,0,14,1982
45063020801,1437,1107,1437,35,1072,308,0,13,0,0,9,1107
45063020802,2592,2173,2592,26,1839,697,27,0,0,0,3,2165
45063020803,2993,2290,2993,300,1773,855,6,39,0,0,20,2179
45063020804,2963,2048,2963,365,2146,282,41,15,0,0,114,1920
45063020805,5541,4086,5541,784,3672,975,57,0,0,0,53,3834
45063020903,5428,3951,5428,444,4431,244,4,55,0,0,250,3851
45063020904,2827,2219,2827,180,2425,194,0,0,0,0,28,2089
45063020905,3597,2680,3597,229,3044,196,0,10,0,0,118,2524
45063020906,3763,2924,3763,147,3292,236,12,36,0,0,40,2924
45063020907,7954,5387,7954,191,5678,1723,0,0,0,57,305,5336
45063020908,3551,2680,3551,211,2734,377,0,9,0,0,220,2663
45063021009,11606,8220,11606,596,9056,1182,58,247,0,0,467,7983
45063021014,7318,4949,7318,118,6100,534,0,440,0,0,126,4778
45063021017,8580,6671,8580,598,6711,828,0,128,0,0,315,6316
45063021018,4741,3659,4741,114,3768,536,0,47,0,11,265,3634
45063021019,1866,1393,1866,105,1564,109,0,57,11,0,20,1346
45063021020,4327,3259,4327,218,3778,180,54,24,0,0,73,3185
45063021021,1877,1513,1877,35,1842,0,0,0,0,0,0,1499
45063021022,5820,3965,5820,129,5319,132,0,40,0,0,200,3960
45063021023,2871,2140,2871,142,2642,52,12,8,0,0,15,2107
45063021024,6484,4393,6484,195,5518,346,38,154,0,0,233,4262
45063021025,3968,3162,3968,42,3791,0,12,91,0,0,32,3132
45063021026,5018,3596,5018,150,4442,251,21,89,0,0,65,3516
45063021027,4475,3508,4475,276,3723,224,12,228,0,0,12,3349
45063021028,3250,2475,3250,268,2412,325,50,183,0,0,12,2291
45063021029,4084,3606,4084,127,2696,1141,0,22,0,0,98,3544
45063021030,4974,3707,4974,489,3680,390,0,159,112,0,144,3381
45063021031,3953,2907,3953,292,3405,151,1,92,0,0,12,2864
45063021032,3940,2725,3940,37,3611,163,0,115,0,8,6,2646
45063021033,4944,3910,4944,402,3567,716,0,220,0,11,28,3620
45063021034,4879,3721,4879,593,3458,638,0,89,0,0,101,3660
45063021106,2825,2332,2825,117,1966,718,0,24,0,0,0,2237
45063021109,3307,2589,3307,46,2332,670,0,113,0,37,109,2589
45063021110,2979,2325,2979,215,2025,487,0,163,0,0,89,2290
45063021111,2578,2039,2578,102,1364,950,0,146,0,0,16,1972
45063021112,2831,2398,2831,53,2108,528,10,72,0,0,60,2301
45063021113,3407,2527,3407,51,1809,1377,0,63,0,0,107,2492
45063021114,3648,3056,3648,294,2891,238,0,216,0,0,9,2955
45063021115,2466,2015,2466,0,2066,329,0,42,0,0,29,1983
45063021116,3124,2555,3124,180,2156,629,13,37,0,0,109,2550
45063021203,6244,4759,6244,277,5654,165,0,96,0,0,52,4682
45063021204,4370,3313,4370,187,3937,147,0,29,0,3,67,3277
45063021205,3225,2672,3225,113,3070,0,0,13,0,0,29,2632
45063021206,3326,2397,3326,228,2440,558,20,20,0,35,25,2360
45063021303,4309,3391,4309,160,3844,282,0,6,0,0,17,3370
45063021304,3720,2956,3720,361,3193,21,0,119,0,0,26,2769
45063021305,3261,2210,3261,275,2529,313,0,12,0,37,95,2121
45063021306,3721,2716,3721,221,3412,43,5,30,0,0,10,2675
45063021307,1896,1465,1896,75,1495,246,0,18,0,0,62,1390
45063021308,4480,3274,4480,478,3631,308,32,0,0,0,31,3076
45063021402,3726,2899,3726,324,1849,1448,44,11,0,0,50,2782
45063021403,2480,1707,2480,245,1829,319,7,0,38,0,42,1593
45063021404,3233,2390,3233,258,2351,513,0,0,0,69,42,2301
45063980100,0,0,0,0,0,0,0,0,0,0,0,0
45065920100,2081,1833,2081,9,1707,344,21,0,0,0,0,1827
45065920200,5524,4864,5524,16,2060,3168,0,23,0,33,224,4839
45065920300,1926,1671,1926,54,1078,759,2,0,0,0,33,1656
45067950100,4757,3765,4757,0,1813,2750,158,0,0,0,36,3765
45067950200,5728,3922,5728,0,2240,3369,0,119,0,0,0,3899
45067950300,2403,1909,2403,29,781,1560,0,0,0,0,33,1899
45067950400,3507,2720,3507,172,1580,1704,0,0,0,0,51,2697
45067950500,5335,4122,5335,293,2699,2212,35,33,0,0,63,3851
45067950600,5505,4376,5505,61,1250,4076,0,71,0,0,47,4365
45067950700,1598,1319,1598,0,569,1020,2,0,0,0,7,1319
45067950800,2475,1963,2475,329,1145,1001,0,0,0,0,0,1837
45069960100,3293,2603,3293,161,1744,1254,25,28,0,0,81,2503
45069960200,4785,3708,4785,178,1140,3202,121,41,0,28,75,3698
45069960301,4415,3308,4415,0,1668,2571,0,0,0,0,176,3308
45069960302,5036,4418,5036,403,1596,2793,87,29,0,3,125,4203
45069960400,4595,3689,4595,23,2354,1462,479,11,0,0,266,3684
45069960500,2246,1728,2246,0,641,1380,67,7,0,0,151,1728
45069960600,2383,1787,2383,122,1313,810,2,0,0,0,136,1761
45071950100,3765,2944,3765,84,2559,1122,0,0,0,0,0,2907
45071950201,2657,1926,2657,877,771,1009,0,0,0,0,0,1470
45071950202,7896,6334,7896,1078,3665,2928,35,28,0,100,62,5748
45071950300,3432,2675,3432,18,2592,775,0,0,0,0,47,2651
45071950502,5429,4162,5429,127,1617,3564,0,0,0,0,121,4128
45071950601,4787,3730,4787,301,3307,1165,10,4,0,0,0,3562
45071950602,5978,4859,5978,50,5539,227,87,61,0,0,14,4833
45071950700,4250,3228,4250,319,2833,1070,0,0,0,0,28,3122
45073030100,4399,3607,4399,33,4247,55,0,0,0,0,64,3605
45073030200,6105,5422,6105,51,5923,69,0,8,0,15,39,5409
45073030300,6465,5245,6465,0,6187,43,28,60,0,0,147,5245
45073030401,7677,5876,7677,1604,4973,679,34,107,0,0,280,5415
45073030402,2221,1627,2221,302,1843,0,7,0,0,0,69,1494
45073030500,4658,3646,4658,467,3942,35,82,0,0,0,132,3483
45073030601,5032,4274,5032,170,4212,439,12,178,0,0,21,4136
45073030602,4291,3465,4291,261,3641,235,12,63,0,0,79,3317
45073030701,3784,2930,3784,257,2387,981,8,0,0,0,151,2892
45073030702,6918,5516,6918,331,5588,794,0,0,0,8,197,5483
45073030800,7572,5744,7572,440,5740,1132,0,10,0,0,250,5664
45073030901,2518,2145,2518,21,2477,20,0,0,0,0,0,2137
45073030902,7227,5619,7227,79,6656,239,39,106,11,21,76,5526
45073031000,4888,3910,4888,103,4245,426,5,33,0,0,76,3890
45073031100,3773,2852,3773,116,3402,141,4,5,0,0,105,2821
45075010100,5471,4388,5471,209,1927,3155,22,0,0,0,158,4388
45075010200,4707,3770,4707,16,1506,3017,101,0,0,0,67,3749
45075010300,6233,4968,6233,41,1696,4275,0,4,0,0,217,4960
45075010400,3453,2866,3453,22,1389,1981,0,0,0,0,61,2864
45075010500,3167,2667,3167,28,1098,1910,0,76,0,0,55,2639
45075010600,4437,3352,4437,0,965,3472,0,0,0,0,0,3352
45075010700,2532,1781,2532,6,695,1822,0,0,0,0,9,1777
45075010800,4344,3374,4344,106,398,3803,0,0,0,0,37,3334
45075010900,9101,6428,9101,861,3186,4673,0,182,0,13,186,6347
45075011000,6207,5177,6207,115,1513,4171,5,223,95,0,85,5095
45075011100,3452,2476,3452,72,191,3162,0,9,0,0,18,2434
45075011200,2545,2365,2545,24,83,2335,0,25,0,5,73,2266
45075011300,2782,2190,2782,37,164,2576,0,0,0,2,3,2152
45075011400,3319,2463,3319,45,954,2320,0,0,0,0,0,2463
45075011500,3617,2806,3617,84,1104,2389,20,0,0,0,20,2759
45075011600,5811,4454,5811,112,3127,2233,0,0,0,23,316,4445
45075011700,4956,3757,4956,38,3262,1503,60,0,0,0,93,3743
45075011800,3794,2961,3794,33,1932,1775,12,0,0,0,42,2961
45075011900,4128,3014,4128,74,2373,1459,86,0,0,0,136,2980
45075012000,3631,3010,3631,27,1621,1756,0,53,0,37,137,3006
45077010100,3319,2741,3319,5,3148,98,0,21,0,0,47,2741
45077010200,4546,3561,4546,95,4380,51,0,0,0,0,20,3536
45077010300,6127,4799,6127,412,5582,35,4,39,0,0,55,4674
45077010401,2018,1674,2018,50,1905,0,0,0,0,0,63,1665
45077010402,5772,4241,5772,65,5187,383,0,48,0,0,89,4199
45077010403,2156,1674,2156,73,2083,0,0,0,0,0,0,1667
45077010501,2708,2259,2708,82,2562,11,18,0,0,0,35,2232
45077010502,3255,2554,3255,108,3018,129,0,0,0,0,0,2554
45077010601,3300,2628,3300,49,3243,8,0,0,0,0,0,2616
45077010602,7342,5488,7342,362,6652,131,179,18,0,0,0,5488
45077010700,3995,3159,3995,132,3531,250,0,27,0,0,55,3153
45077010801,4297,3475,4297,93,3416,685,0,18,0,0,85,3440
45077010802,3825,3122,3825,596,2630,538,0,18,0,0,43,3049
45077010803,4504,3254,4504,307,3426,636,0,23,0,0,112,3185
45077010804,3457,2626,3457,95,2858,385,0,72,0,0,47,2534
45077010901,4843,3744,4843,48,4394,284,0,22,26,0,69,3687
45077010902,6902,5432,6902,186,6028,477,0,205,0,0,6,5329
45077010903,5982,4826,5982,289,5168,466,0,0,0,20,39,4626
45077011001,2869,2323,2869,54,2769,46,0,0,0,0,0,2312
45077011002,6748,5185,6748,58,5710,686,0,23,0,88,183,5185
45077011003,2677,1956,2677,28,2622,19,0,4,0,0,4,1956
45077011101,2896,2211,2896,238,2344,113,17,97,0,0,87,2062
45077011102,7972,7121,7972,506,5387,1229,32,412,0,62,344,6715
45077011103,1342,1039,1342,41,1220,70,0,2,0,0,9,1021
45077011202,5189,5140,5189,139,4262,601,0,104,0,8,75,5130
45077011203,6695,5463,6695,23,5557,481,0,470,0,0,164,5068
45077011204,5435,4990,5435,245,4188,337,56,449,0,0,160,4533
45077011205,3858,3733,3858,178,3022,243,0,352,0,0,63,3379
45079000100,2244,1803,2244,13,358,1770,0,58,0,0,45,1746
45079000200,1620,1337,1620,0,264,1323,0,0,0,0,33,1336
45079000300,2855,2087,2855,390,103,2362,0,0,0,0,0,2074
45079000400,1900,1535,1900,39,570,1240,0,6,0,20,25,1531
45079000500,2220,1453,2220,29,71,2050,0,6,0,0,64,1441
45079000600,2110,1836,2110,53,1375,530,0,57,0,18,77,1759
45079000700,1778,1598,1778,25,1261,417,0,50,0,0,25,1545
45079000900,2411,1640,2411,0,37,2257,16,13,0,0,88,1624
45079001000,3236,2870,3236,66,520,2529,6,37,6,0,72,2752
45079001100,3530,3210,3530,28,1969,1418,0,61,5,0,49,3175
45079001200,1852,1459,1852,100,1580,143,0,0,0,11,18,1459
45079001300,2024,1720,2024,53,382,1545,0,6,0,0,38,1691
45079001600,1522,1427,1522,77,1063,263,0,81,0,17,21,1313
45079002100,2866,2609,2866,76,2375,235,0,78,0,0,102,2527
45079002200,1135,984,1135,5,885,245,0,0,0,0,0,977
45079002300,2180,1662,2180,20,2141,0,0,19,0,0,0,1653
45079002400,3676,2890,3676,137,3175,257,0,85,0,0,22,2759
45079002500,3743,2944,3743,265,3031,270,0,109,0,0,68,2789
45079002602,3026,2554,3026,46,2330,566,0,84,0,0,0,2478
45079002603,3779,3009,3779,0,2081,1480,0,0,0,0,218,2945
45079002604,1527,1151,1527,128,445,925,0,0,0,0,29,1107
45079002700,2861,2687,2861,42,2331,71,0,331,0,0,86,2353
45079002800,6527,6389,6527,185,5108,642,11,405,0,68,108,5961
45079002900,3790,3739,3790,145,2921,347,0,228,7,24,118,3538
45079003000,2627,2537,2627,77,2011,219,0,126,0,0,194,2450
45079003100,1304,1273,1304,30,879,267,18,65,0,28,17,1223
45079010102,9657,7193,9657,831,3793,4636,0,131,0,87,179,6679
45079010103,21490,14871,21490,909,7283,12040,64,578,0,165,451,14607
45079010104,4781,3704,4781,57,2501,1862,9,32,0,267,53,3681
45079010200,5427,4307,5427,322,2634,2405,29,0,0,0,37,4307
45079010304,7624,6132,7624,503,2716,3847,0,271,0,18,269,5720
45079010305,7209,5660,7209,164,4588,2184,0,148,0,0,125,5532
45079010306,12031,8781,12031,240,9954,1269,0,169,0,13,386,8617
45079010307,11767,8077,11767,309,9532,1541,0,127,0,0,258,7896
45079010308,5724,4236,5724,23,3644,1767,75,71,0,0,144,4182
45079010309,9542,7084,9542,566,5161,3332,52,56,0,0,375,7071
45079010403,3709,3141,3709,82,1345,1969,0,13,0,0,300,3108
45079010407,3933,3175,3933,80,579,2913,0,39,0,0,322,3129
45079010408,4439,4206,4439,204,1636,2285,35,29,3,0,247,4092
45079010409,1800,1536,1800,63,349,1328,0,0,0,0,60,1502
45079010410,4083,2856,4083,348,808,2132,0,628,0,0,167,2356
45079010411,3666,3082,3666,264,871,2288,0,41,0,18,184,2982
45079010412,3011,2535,3011,160,801,1933,16,65,0,9,27,2414
45079010413,2162,1772,2162,211,655,1245,0,31,0,0,20,1702
45079010501,1932,1613,1932,102,756,973,0,72,0,0,29,1543
45079010502,1211,753,1211,0,32,1173,0,0,0,0,6,753
45079010600,4160,3182,4160,176,225,3759,0,0,0,0,0,3106
45079010701,2833,1911,2833,164,10,2537,0,119,0,0,3,1792
45079010702,3823,2989,3823,76,286,3288,0,22,0,0,151,2989
45079010703,3272,2641,3272,0,59,3213,0,0,0,0,0,2570
45079010803,2195,1646,2195,168,477,1422,0,86,0,0,42,1568
45079010804,2489,2003,2489,42,113,2334,0,0,0,0,0,2003
45079010805,2698,1903,2698,160,283,2055,0,111,0,0,89,1831
45079010806,1054,1044,1054,20,392,592,9,10,10,0,21,1044
45079010900,2922,1848,2922,78,72,2732,0,16,0,0,24,1795
45079011000,1826,1498,1826,16,111,1699,0,0,0,0,0,1498
45079011101,3254,2653,3254,105,1738,1234,0,53,0,51,73,2636
45079011102,4088,3225,4088,39,3201,806,0,11,0,0,31,3185
45079011201,1938,1466,1938,35,1829,49,0,25,0,0,0,1453
45079011202,3456,2818,3456,60,2754,447,0,169,0,0,26,2698
45079011301,5937,4621,5937,129,4070,1274,62,181,12,0,209,4537
45079011303,5006,3949,5006,71,913,3713,0,230,0,0,79,3757
45079011304,4932,3723,4932,314,578,3354,0,457,0,0,229,3533
45079011305,5597,4156,5597,1307,999,2858,76,100,0,154,103,3513
45079011404,9196,7071,9196,485,1829,6441,0,326,0,10,105,6830
45079011407,4539,3254,4539,615,2436,1209,0,169,6,0,104,3011
45079011411,4068,3290,4068,89,1985,1536,37,280,0,0,141,3221
45079011412,4982,3878,4982,782,1180,2689,30,207,0,0,94,3359
45079011413,8466,6431,8466,277,3236,3686,0,918,83,38,228,6236
45079011414,5668,4552,5668,521,2398,1873,23,442,125,0,286,4475
45079011415,12487,8894,12487,641,4175,6558,0,742,0,0,371,8358
45079011416,14051,10022,14051,1089,4765,7251,29,716,0,0,201,9759
45079011417,8508,6330,8508,378,1840,5247,65,559,0,20,399,6190
45079011418,4099,3159,4099,20,1837,2082,0,77,0,34,49,3141
45079011419,4307,3604,4307,136,1620,2376,14,16,14,52,79,3566
45079011501,11709,11454,11709,2410,5242,2965,0,384,50,0,658,10796
45079011502,3271,2053,3271,751,1814,504,11,14,54,11,112,1987
45079011603,5835,4570,5835,318,4052,1042,0,208,0,140,75,4353
45079011604,5645,4630,5645,186,4820,410,20,117,0,0,92,4630
45079011606,5057,3829,5057,214,1866,2781,0,56,64,7,69,3751
45079011607,4082,3176,4082,388,1286,2209,0,93,0,9,97,2951
45079011608,6298,5068,6298,328,2274,3327,30,126,25,0,188,4928
45079011701,4841,4669,4841,64,2611,1922,0,93,0,13,138,4530
45079011702,3844,3177,3844,81,396,3264,8,0,0,0,95,3144
45079011800,5804,4806,5804,131,509,5079,0,0,0,0,85,4806
45079011901,8539,6086,8539,567,1008,6239,45,124,0,34,522,5813
45079011902,5337,4145,5337,232,2151,2751,0,0,0,21,182,4054
45079012000,5437,4026,5437,58,1587,3740,22,7,0,0,23,4026
45079980100,266,232,266,50,134,27,0,49,0,0,6,179
45081960100,3053,2359,3053,572,2201,268,5,0,0,0,7,2002
45081960201,5509,4146,5509,1086,2463,1868,8,0,0,0,84,3702
45081960202,3976,2843,3976,1309,1417,1250,0,0,0,0,0,2374
45081960300,4835,4085,4835,45,3821,867,8,0,0,0,94,4049
45081960400,2930,2431,2930,125,1929,808,0,0,0,0,68,2353
45083020301,2536,2226,2536,71,1187,1036,0,85,4,0,153,2178
45083020400,1114,840,1114,116,172,806,0,0,0,0,20,824
45083020500,1356,1007,1356,9,74,1273,0,0,0,0,0,985
45083020601,2990,2272,2990,189,1235,1280,0,240,0,9,37,2188
45083020602,1929,1549,1929,151,845,770,6,138,0,0,19,1451
45083020603,2408,1961,2408,217,1228,885,7,71,0,0,0,1919
45083020701,2975,1936,2975,305,508,2138,5,0,0,0,19,1927
45083020702,2261,1728,2261,58,972,1010,0,49,0,88,84,1689
45083020800,1216,761,1216,14,128,1074,0,0,0,0,0,761
45083020900,1325,1084,1325,90,547,658,0,0,0,0,30,1037
45083021001,2612,1731,2612,122,285,2205,0,0,0,0,0,1702
45083021100,3661,2926,3661,155,1311,1964,0,147,0,0,84,2890
45083021200,3299,2773,3299,68,2831,286,22,12,1,0,79,2736
45083021301,2191,1868,2191,112,1224,809,0,14,8,0,24,1807
45083021302,2546,1942,2546,71,2328,31,0,70,0,17,29,1914
45083021303,4753,3897,4753,53,3316,1079,101,64,0,0,140,3859
45083021401,1610,1317,1610,14,1198,315,0,0,0,0,83,1317
45083021402,3804,2989,3804,339,2376,866,0,74,0,0,149,2933
45083021403,3819,2892,3819,860,1748,1032,0,94,0,0,85,2543
45083021500,3346,2648,3346,124,1969,1075,0,118,0,0,60,2577
45083021600,3396,2881,3396,454,1307,1327,13,228,0,0,67,2575
45083021700,4643,3329,4643,1167,1491,1886,0,3,0,0,96,3205
45083021802,6274,5330,6274,967,3432,1714,0,59,0,0,102,4799
45083021803,7431,5587,7431,130,4936,1792,0,369,29,16,159,5453
45083021804,1891,1419,1891,432,940,469,0,28,0,0,22,1176
45083021901,6100,4352,6100,2315,2661,962,6,123,0,0,33,3412
45083021902,9551,7266,9551,1046,5898,2026,0,494,0,0,87,6786
45083022003,4537,3461,4537,302,2989,1147,0,27,0,0,72,3416
45083022004,2757,2090,2757,21,1138,1172,24,386,0,0,16,2047
45083022005,5441,4201,5441,149,3497,1341,11,280,0,0,163,4133
45083022006,3890,3018,3890,117,1681,1978,0,106,0,0,8,2917
45083022007,3852,3018,3852,104,2293,1299,0,85,0,0,71,2964
45083022101,3113,2375,3113,7,2211,741,0,88,0,14,52,2269
45083022102,2151,1804,2151,6,1976,121,5,0,0,0,43,1796
45083022201,4618,3360,4618,57,3334,1023,0,82,0,0,122,3346
45083022202,3727,2936,3727,197,2907,418,0,0,0,0,205,2839
45083022302,5493,4356,5493,453,4659,148,0,143,0,0,90,4105
45083022303,1734,1419,1734,146,1414,150,2,0,0,2,20,1402
45083022304,4233,3458,4233,146,3546,402,0,33,0,16,90,3380
45083022401,6446,5122,6446,43,5497,723,0,121,0,0,62,4956
45083022403,8554,6682,8554,252,6974,967,34,305,0,0,22,6453
45083022404,7422,5345,7422,0,6608,329,0,427,0,0,58,5059
45083022405,4315,3241,4315,110,3761,345,0,48,0,0,51,3115
45083022406,7327,5395,7327,195,5640,965,0,348,0,94,85,5149
45083022500,4048,3253,4048,131,3704,65,1,93,0,0,54,3203
45083022600,3288,2576,3288,236,2753,282,0,17,0,0,0,2531
45083022700,7676,5675,7676,444,6857,262,26,0,13,0,74,5529
45083022801,6793,5040,6793,381,5718,546,23,0,0,0,125,4886
45083022802,7312,5584,7312,264,5782,922,17,4,0,33,290,5356
45083022900,6561,5398,6561,255,4834,1001,0,432,0,0,39,5187
45083023001,9665,7079,9665,478,8215,801,41,81,0,0,49,6997
45083023002,3457,2542,3457,344,2342,527,0,93,0,0,151,2221
45083023101,4541,3275,4541,369,2947,954,0,23,0,7,241,3173
45083023102,6113,4263,6113,913,3243,1629,45,157,0,0,126,4132
45083023201,3736,3055,3736,309,3110,215,0,38,0,16,48,2963
45083023202,4016,3209,4016,357,2855,639,0,68,0,0,97,3021
45083023301,2016,1575,2016,56,1752,141,6,19,0,0,42,1568
45083023302,4692,3631,4692,1227,1695,1610,0,0,0,0,160,3020
45083023401,2300,1784,2300,254,1311,642,0,36,0,0,57,1648
45083023402,4385,3386,4385,29,3973,247,0,42,0,0,94,3335
45083023403,8072,6108,8072,364,6076,1032,0,309,4,0,287,5829
45083023404,8167,6104,8167,674,5757,1147,7,291,7,3,281,5808
45083023405,6435,4577,6435,529,4713,572,0,377,0,0,244,4405
45083023500,5511,4205,5511,176,4882,343,0,0,0,0,110,4088
45083023600,6668,4994,6668,274,4214,2104,0,0,0,0,76,4870
45083023700,4617,3435,4617,288,3825,234,0,0,0,0,270,3319
45083023801,5787,4622,5787,455,4558,739,0,0,0,0,35,4601
45083023802,6057,4954,6057,166,4868,731,8,178,0,0,106,4937
45083023900,5057,3943,5057,106,3966,847,17,0,0,0,121,3918
45085000100,3044,2679,3044,24,618,2371,1,22,0,0,8,2676
45085000201,4816,3700,4816,363,2353,1760,21,50,0,10,259,3568
45085000202,6869,5180,6869,577,3201,2228,0,293,0,0,570,5002
45085000300,4052,2791,4052,183,2830,691,0,37,0,8,303,2749
45085000400,8839,7024,8839,261,3607,4350,0,382,0,0,239,6818
45085000500,2106,1653,2106,183,621,1260,0,0,6,0,36,1622
45085000600,3752,3040,3752,0,1880,1679,79,0,37,0,77,3034
45085000700,4573,2926,4573,755,1031,2753,2,4,0,1,27,2623
45085000800,3683,2908,3683,66,470,3118,0,5,0,0,24,2842
45085000901,4131,3217,4131,277,1309,2240,24,153,0,37,91,3055
45085000902,4079,3079,4079,55,3251,655,33,23,0,0,62,3073
45085001100,4168,2821,4168,316,1114,2682,49,0,7,0,0,2807
45085001300,1628,1316,1628,0,184,1420,0,11,0,0,13,1316
45085001500,1467,1090,1467,7,0,1454,0,0,0,0,6,1090
45085001600,4056,2835,4056,53,242,3743,0,0,0,18,0,2835
45085001701,6874,5162,6874,320,4779,1468,0,114,0,0,193,5092
45085001703,5512,4053,5512,76,3354,1850,14,60,0,0,158,4033
45085001704,5200,4143,5200,246,2519,2226,0,25,0,0,184,4130
45085001801,4021,2973,4021,0,2171,1768,0,42,0,0,40,2950
45085001802,9381,6755,9381,118,3625,5506,0,65,0,0,67,6705
45085001901,6191,4817,6191,229,4286,1336,20,106,0,0,214,4793
45085001902,5095,4057,5095,24,3152,1790,0,26,0,0,103,4057
45085002000,3220,2693,3220,92,1622,1409,0,49,0,0,48,2682
45087030100,2074,1673,2074,61,1091,809,7,0,0,0,106,1647
45087030200,2747,2121,2747,0,1249,1369,0,0,0,0,129,2121
45087030300,3548,2764,3548,120,2024,1362,0,0,0,18,24,2738
45087030400,5948,4329,5948,67,4276,1295,0,0,0,0,310,4302
45087030500,2248,1758,2248,8,1717,452,0,0,0,0,71,1758
45087030600,1748,1467,1748,7,518,1180,0,4,0,0,39,1467
45087030700,3272,2724,3272,10,2442,757,0,0,0,7,56,2724
45087030800,3626,2877,3626,144,2576,816,0,0,0,0,90,2829
45087030900,2279,1878,2279,10,1864,305,15,0,0,0,85,1878
45089970100,2051,1673,2051,15,1222,797,0,6,0,0,11,1673
45089970200,1116,1020,1116,0,199,884,18,15,0,0,0,1002
45089970300,4752,3732,4752,84,1947,2711,0,0,0,6,4,3649
45089970400,2492,1957,2492,56,1016,1348,0,64,0,0,8,1931
45089970501,3373,2481,3373,152,744,2441,0,0,0,19,17,2460
45089970502,4402,3101,4402,0,316,3970,0,18,0,70,28,3101
45089970600,4167,3428,4167,36,1717,2338,17,59,0,0,0,3366
45089970700,2377,1840,2377,11,715,1543,100,0,0,0,8,1838
45089970801,2902,2336,2902,49,498,2324,0,0,0,0,31,2324
45089970802,1266,1266,1266,299,175,739,13,0,0,0,40,1146
45089970900,2426,1862,2426,7,1236,1055,0,51,0,0,77,1855
45091060102,2731,2353,2731,142,2033,532,0,24,0,0,0,2151
45091060200,4227,3134,4227,184,2223,1535,0,75,0,0,210,3044
45091060300,3925,2897,3925,189,1054,2637,0,0,0,0,45,2822
45091060401,2825,2041,2825,161,129,2535,0,0,0,0,0,2004
45091060402,2259,1673,2259,36,561,1564,16,35,0,23,24,1670
45091060501,3171,2707,3171,113,1145,1824,0,63,0,0,26,2583
45091060502,2413,1884,2413,14,288,2111,0,0,0,0,0,1884
45091060600,1824,1817,1824,68,1197,515,0,13,0,0,31,1773
45091060700,5860,4374,5860,160,4505,1149,0,14,0,0,32,4292
45091060802,1857,1405,1857,190,1226,386,8,30,0,0,17,1343
45091060803,5516,4363,5516,1020,3013,881,36,146,0,15,405,4079
45091060804,4649,3710,4649,528,2806,1125,46,28,0,0,116,3559
45091060901,5352,4208,5352,540,2797,1821,7,149,0,12,26,3929
45091060904,7033,5498,7033,199,5324,1302,0,85,0,0,123,5383
45091060905,9430,7190,9430,544,5817,2817,0,169,0,0,83,6896
45091060906,9770,7374,9770,768,7196,1524,76,150,0,0,56,7047
45091060907,9694,7491,9694,662,6438,1944,3,295,0,219,133,7110
45091061003,13505,9539,13505,615,11162,800,27,696,0,0,205,9304
45091061004,8832,6009,8832,240,7480,822,0,197,0,0,93,5789
45091061005,12707,9415,12707,1248,9244,1348,0,676,0,12,179,8660
45091061006,3537,2561,3537,135,2773,296,0,333,0,0,0,2481
45091061007,7505,5800,7505,923,4927,970,26,398,59,0,202,5411
45091061008,7679,5045,7679,478,5688,579,36,371,0,213,314,4848
45091061101,4558,3457,4558,191,3215,1060,11,46,0,0,35,3379
45091061103,7156,4901,7156,298,5879,549,0,68,0,33,329,4736
45091061104,5352,3920,5352,227,4509,328,58,150,0,0,80,3856
45091061201,8213,6471,8213,483,5746,1698,66,92,0,12,116,6268
45091061202,4907,3679,4907,136,3011,373,1142,24,15,2,204,3628
45091061203,6641,5195,6641,81,5352,984,33,48,0,0,143,5096
45091061301,4669,3371,4669,197,1735,2433,0,40,8,79,177,3293
45091061302,4475,3593,4475,119,3146,1158,38,0,0,0,14,3533
45091061401,4397,3385,4397,71,3559,693,0,58,0,0,16,3376
45091061403,5418,4193,5418,68,4309,862,15,64,0,0,100,4168
45091061404,3644,2843,3644,96,2516,879,0,135,0,0,18,2764
45091061501,8070,6200,8070,281,6803,829,0,84,0,0,73,6157
45091061502,8426,6629,8426,393,7380,568,25,0,0,0,60,6558
45091061601,3205,2262,3205,36,1496,1587,0,0,0,23,63,2262
45091061602,5848,4678,5848,407,3497,1883,39,0,0,0,22,4382
45091061701,4268,3428,4268,131,3772,108,27,24,0,138,68,3409
45091061705,5346,3977,5346,109,4722,283,17,170,0,0,45,3946
45091061706,5600,4396,5600,104,4868,447,0,129,0,0,52,4370
45091061707,10563,8215,10563,1016,8322,929,83,177,0,0,36,8073
45091061708,5910,4021,5910,401,4730,614,16,41,0,19,89,3959
45091061801,2887,2049,2887,281,1679,770,0,22,0,34,101,1820
45091061802,5331,4049,5331,289,4143,290,120,282,0,100,107,3678
45091061900,4687,3677,4687,66,3983,516,7,10,0,13,92,3676
