<metadata xml:lang="en"><Esri><CreaDate>20211020</CreaDate><CreaTime>20381100</CreaTime><ArcGISFormat>1.0</ArcGISFormat><SyncOnce>FALSE</SyncOnce><DataProperties><lineage><Process ToolSource="c:\program files\arcgis\pro\Resources\ArcToolbox\toolboxes\Conversion Tools.tbx\FeatureClassToFeatureClass" Date="20211020" Time="203811">FeatureClassToFeatureClass SC_Precincts_2021_v5 C:\Users\avagnoz\Documents\ArcGIS\Projects\SC2021\SC2021.gdb SC_Precincts_2021_v6 # "ID "ID" true true false 8 Double 0 0,First,#,SC_Precincts_2021_v5,SC_Precincts_2021_v5.ID,-1,-1;VTD "VTD" true true false 11 Text 0 0,First,#,SC_Precincts_2021_v5,SC_Precincts_2021_v5.VTD,0,11;COUNTY "COUNTY" true true false 5 Text 0 0,First,#,SC_Precincts_2021_v5,SC_Precincts_2021_v5.COUNTY,0,5;STATE "STATE" true true false 2 Text 0 0,First,#,SC_Precincts_2021_v5,SC_Precincts_2021_v5.STATE,0,2;NAME "NAME" true true false 34 Text 0 0,First,#,SC_Precincts_2021_v5,SC_Precincts_2021_v5.NAME,0,34;POPULATION "POPULATION" true true false 4 Long 0 0,First,#,SC_Precincts_2021_v5,SC_Precincts_2021_v5.POPULATION,-1,-1;PSN "PSN" true true false 8 Double 0 0,First,#,SC_Precincts_2021_v5,SC_Precincts_2021_v5.PSN,-1,-1;CountyName "CountyName" true true false 255 Text 0 0,First,#,SC_Precincts_2021_v5,SC_Precincts_2021_v5.CountyName,0,255;Reg_Voters "Reg_Voters" true true false 8 Double 0 0,First,#,SC_Precincts_2021_v5,SC_Precincts_2021_v5.Reg_Voters,-1,-1;PresBlue "PresBlue" true true false 8 Double 0 0,First,#,SC_Precincts_2021_v5,SC_Precincts_2021_v5.PresBlue,-1,-1;PresRed "PresRed" true true false 8 Double 0 0,First,#,SC_Precincts_2021_v5,SC_Precincts_2021_v5.PresRed,-1,-1;PresOther "PresOther" true true false 8 Double 0 0,First,#,SC_Precincts_2021_v5,SC_Precincts_2021_v5.PresOther,-1,-1;SenBlue "SenBlue" true true false 8 Double 0 0,First,#,SC_Precincts_2021_v5,SC_Precincts_2021_v5.SenBlue,-1,-1;SenRed "SenRed" true true false 8 Double 0 0,First,#,SC_Precincts_2021_v5,SC_Precincts_2021_v5.SenRed,-1,-1;SenOther "SenOther" true true false 8 Double 0 0,First,#,SC_Precincts_2021_v5,SC_Precincts_2021_v5.SenOther,-1,-1;Shape_Length "Shape_Length" false true true 8 Double 0 0,First,#,SC_Precincts_2021_v5,SC_Precincts_2021_v5.Shape_Length,-1,-1;Shape_Area "Shape_Area" false true true 8 Double 0 0,First,#,SC_Precincts_2021_v5,SC_Precincts_2021_v5.Shape_Area,-1,-1;Pct_Area "Pct_Area" true true false 8 Double 0 0,First,#,SC_Precincts_2021_v5,SC_Precincts_2021_v5.Pct_Area,-1,-1;Pct_Perim "Pct_Perim" true true false 8 Double 0 0,First,#,SC_Precincts_2021_v5,SC_Precincts_2021_v5.Pct_Perim,-1,-1;PSN_1 "PSN" true true false 4 Long 0 0,First,#,SC_Precincts_2021_v5,Intersection_All.csv.PSN,-1,-1;Cong2011 "Cong2011" true true false 4 Long 0 0,First,#,SC_Precincts_2021_v5,Intersection_All.csv.Cong2011,-1,-1;Sen2011 "Sen2011" true true false 4 Long 0 0,First,#,SC_Precincts_2021_v5,Intersection_All.csv.Sen2011,-1,-1;House2011 "House2011" true true false 4 Long 0 0,First,#,SC_Precincts_2021_v5,Intersection_All.csv.House2011,-1,-1;Cong2021 "Cong2021" true true false 4 Long 0 0,First,#,SC_Precincts_2021_v5,Intersection_All.csv.Cong2021,-1,-1;Sen2021 "Sen2021" true true false 4 Long 0 0,First,#,SC_Precincts_2021_v5,Intersection_All.csv.Sen2021,-1,-1;House2021 "House2021" true true false 4 Long 0 0,First,#,SC_Precincts_2021_v5,Intersection_All.csv.House2021,-1,-1" #</Process><Process ToolSource="c:\program files\arcgis\pro\Resources\ArcToolbox\toolboxes\Conversion Tools.tbx\FeatureClassToFeatureClass" Date="20211022" Time="153756">FeatureClassToFeatureClass SC_Precincts_2021_v6 C:\Users\avagnoz\Documents\ArcGIS\Projects\SC2021\SC2021.gdb SC_Precincts_2021_v7 # "ID "ID" true true false 8 Double 0 0,First,#,SC_Precincts_2021_v6,ID,-1,-1;VTD "VTD" true true false 11 Text 0 0,First,#,SC_Precincts_2021_v6,VTD,0,11;COUNTY "COUNTY" true true false 5 Text 0 0,First,#,SC_Precincts_2021_v6,COUNTY,0,5;STATE "STATE" true true false 2 Text 0 0,First,#,SC_Precincts_2021_v6,STATE,0,2;NAME "NAME" true true false 34 Text 0 0,First,#,SC_Precincts_2021_v6,NAME,0,34;POPULATION "POPULATION" true true false 4 Long 0 0,First,#,SC_Precincts_2021_v6,POPULATION,-1,-1;PSN "PSN" true true false 8 Double 0 0,First,#,SC_Precincts_2021_v6,PSN,-1,-1;CountyName "CountyName" true true false 255 Text 0 0,First,#,SC_Precincts_2021_v6,CountyName,0,255;Reg_Voters "Reg_Voters" true true false 8 Double 0 0,First,#,SC_Precincts_2021_v6,Reg_Voters,-1,-1;PresBlue "PresBlue" true true false 8 Double 0 0,First,#,SC_Precincts_2021_v6,PresBlue,-1,-1;PresRed "PresRed" true true false 8 Double 0 0,First,#,SC_Precincts_2021_v6,PresRed,-1,-1;PresOther "PresOther" true true false 8 Double 0 0,First,#,SC_Precincts_2021_v6,PresOther,-1,-1;SenBlue "SenBlue" true true false 8 Double 0 0,First,#,SC_Precincts_2021_v6,SenBlue,-1,-1;SenRed "SenRed" true true false 8 Double 0 0,First,#,SC_Precincts_2021_v6,SenRed,-1,-1;SenOther "SenOther" true true false 8 Double 0 0,First,#,SC_Precincts_2021_v6,SenOther,-1,-1;Pct_Area "Pct_Area" true true false 8 Double 0 0,First,#,SC_Precincts_2021_v6,Pct_Area,-1,-1;Pct_Perim "Pct_Perim" true true false 8 Double 0 0,First,#,SC_Precincts_2021_v6,Pct_Perim,-1,-1;PSN_1 "PSN" true true false 4 Long 0 0,First,#,SC_Precincts_2021_v6,PSN_1,-1,-1;Cong2011 "Cong2011" true true false 4 Long 0 0,First,#,SC_Precincts_2021_v6,Cong2011,-1,-1;Sen2011 "Sen2011" true true false 4 Long 0 0,First,#,SC_Precincts_2021_v6,Sen2011,-1,-1;House2011 "House2011" true true false 4 Long 0 0,First,#,SC_Precincts_2021_v6,House2011,-1,-1;Cong2021 "Cong2021" true true false 4 Long 0 0,First,#,SC_Precincts_2021_v6,Cong2021,-1,-1;Sen2021 "Sen2021" true true false 4 Long 0 0,First,#,SC_Precincts_2021_v6,Sen2021,-1,-1;House2021 "House2021" true true false 4 Long 0 0,First,#,SC_Precincts_2021_v6,House2021,-1,-1;Shape_Length "Shape_Length" false true true 8 Double 0 0,First,#,SC_Precincts_2021_v6,Shape_Length,-1,-1;Shape_Area "Shape_Area" false true true 8 Double 0 0,First,#,SC_Precincts_2021_v6,Shape_Area,-1,-1" #</Process><Process ToolSource="c:\program files\arcgis\pro\Resources\ArcToolbox\toolboxes\Data Management Tools.tbx\CalculateGeometryAttributes" Date="20211022" Time="154316">CalculateGeometryAttributes SC_Precincts_2021_v7 "Pct_Area AREA_GEODESIC" # "Square kilometers" PROJCS["NAD_1983_StatePlane_South_Carolina_FIPS_3900_Feet_Intl",GEOGCS["GCS_North_American_1983",DATUM["D_North_American_1983",SPHEROID["GRS_1980",6378137.0,298.257222101]],PRIMEM["Greenwich",0.0],UNIT["Degree",0.0174532925199433]],PROJECTION["Lambert_Conformal_Conic"],PARAMETER["False_Easting",2000000.0],PARAMETER["False_Northing",0.0],PARAMETER["Central_Meridian",-81.0],PARAMETER["Standard_Parallel_1",32.5],PARAMETER["Standard_Parallel_2",34.83333333333334],PARAMETER["Latitude_Of_Origin",31.83333333333333],UNIT["Foot",0.3048]] "Same as input"</Process><Process ToolSource="c:\program files\arcgis\pro\Resources\ArcToolbox\toolboxes\Data Management Tools.tbx\CalculateGeometryAttributes" Date="20211022" Time="154443">CalculateGeometryAttributes SC_Precincts_2021_v7 "Pct_Area AREA_GEODESIC" # "Square kilometers" PROJCS["NAD_1983_StatePlane_South_Carolina_FIPS_3900_Feet_Intl",GEOGCS["GCS_North_American_1983",DATUM["D_North_American_1983",SPHEROID["GRS_1980",6378137.0,298.257222101]],PRIMEM["Greenwich",0.0],UNIT["Degree",0.0174532925199433]],PROJECTION["Lambert_Conformal_Conic"],PARAMETER["False_Easting",2000000.0],PARAMETER["False_Northing",0.0],PARAMETER["Central_Meridian",-81.0],PARAMETER["Standard_Parallel_1",32.5],PARAMETER["Standard_Parallel_2",34.83333333333334],PARAMETER["Latitude_Of_Origin",31.83333333333333],UNIT["Foot",0.3048]] "Same as input"</Process><Process ToolSource="c:\program files\arcgis\pro\Resources\ArcToolbox\toolboxes\Data Management Tools.tbx\CalculateGeometryAttributes" Date="20211022" Time="154532">CalculateGeometryAttributes SC_Precincts_2021_v7 "Pct_Perim PERIMETER_LENGTH_GEODESIC" Kilometers # PROJCS["NAD_1983_StatePlane_South_Carolina_FIPS_3900_Feet_Intl",GEOGCS["GCS_North_American_1983",DATUM["D_North_American_1983",SPHEROID["GRS_1980",6378137.0,298.257222101]],PRIMEM["Greenwich",0.0],UNIT["Degree",0.0174532925199433]],PROJECTION["Lambert_Conformal_Conic"],PARAMETER["False_Easting",2000000.0],PARAMETER["False_Northing",0.0],PARAMETER["Central_Meridian",-81.0],PARAMETER["Standard_Parallel_1",32.5],PARAMETER["Standard_Parallel_2",34.83333333333334],PARAMETER["Latitude_Of_Origin",31.83333333333333],UNIT["Foot",0.3048]] "Same as input"</Process><Process ToolSource="c:\program files\arcgis\pro\Resources\ArcToolbox\toolboxes\Data Management Tools.tbx\CalculateGeometryAttributes" Date="20211027" Time="212757">CalculateGeometryAttributes SC_Precincts_2021_v7 "Pct_Area AREA_GEODESIC" # "Square kilometers" PROJCS["NAD_1983_StatePlane_South_Carolina_FIPS_3900_Feet_Intl",GEOGCS["GCS_North_American_1983",DATUM["D_North_American_1983",SPHEROID["GRS_1980",6378137.0,298.257222101]],PRIMEM["Greenwich",0.0],UNIT["Degree",0.0174532925199433]],PROJECTION["Lambert_Conformal_Conic"],PARAMETER["False_Easting",2000000.0],PARAMETER["False_Northing",0.0],PARAMETER["Central_Meridian",-81.0],PARAMETER["Standard_Parallel_1",32.5],PARAMETER["Standard_Parallel_2",34.83333333333334],PARAMETER["Latitude_Of_Origin",31.83333333333333],UNIT["Foot",0.3048]] "Same as input"</Process><Process ToolSource="c:\program files\arcgis\pro\Resources\ArcToolbox\toolboxes\Data Management Tools.tbx\CalculateGeometryAttributes" Date="20211027" Time="213013">CalculateGeometryAttributes SC_Precincts_2021_v7 "Pct_Perim PERIMETER_LENGTH_GEODESIC" Kilometers # PROJCS["NAD_1983_StatePlane_South_Carolina_FIPS_3900_Feet_Intl",GEOGCS["GCS_North_American_1983",DATUM["D_North_American_1983",SPHEROID["GRS_1980",6378137.0,298.257222101]],PRIMEM["Greenwich",0.0],UNIT["Degree",0.0174532925199433]],PROJECTION["Lambert_Conformal_Conic"],PARAMETER["False_Easting",2000000.0],PARAMETER["False_Northing",0.0],PARAMETER["Central_Meridian",-81.0],PARAMETER["Standard_Parallel_1",32.5],PARAMETER["Standard_Parallel_2",34.83333333333334],PARAMETER["Latitude_Of_Origin",31.83333333333333],UNIT["Foot",0.3048]] "Same as input"</Process><Process ToolSource="c:\program files\arcgis\pro\Resources\ArcToolbox\toolboxes\Data Management Tools.tbx\CopyFeatures" Date="20211107" Time="003249">CopyFeatures SC_Precincts_2021_v7 C:\Users\avagnoz\Desktop\Updated_Precinct_Cleaning\shapefile\SC_Precincts_2021_v7.shp # # # #</Process><Process ToolSource="c:\program files\arcgis\pro\Resources\ArcToolbox\toolboxes\Data Management Tools.tbx\CalculateGeometryAttributes" Date="20211107" Time="003727">CalculateGeometryAttributes SC_Precincts_2021_v7 "Pct_Area AREA_GEODESIC" # "Square kilometers" PROJCS["NAD_1983_StatePlane_South_Carolina_FIPS_3900_Feet_Intl",GEOGCS["GCS_North_American_1983",DATUM["D_North_American_1983",SPHEROID["GRS_1980",6378137.0,298.257222101]],PRIMEM["Greenwich",0.0],UNIT["Degree",0.0174532925199433]],PROJECTION["Lambert_Conformal_Conic"],PARAMETER["False_Easting",2000000.0],PARAMETER["False_Northing",0.0],PARAMETER["Central_Meridian",-81.0],PARAMETER["Standard_Parallel_1",32.5],PARAMETER["Standard_Parallel_2",34.83333333333334],PARAMETER["Latitude_Of_Origin",31.83333333333333],UNIT["Foot",0.3048]] "Same as input"</Process><Process ToolSource="c:\program files\arcgis\pro\Resources\ArcToolbox\toolboxes\Data Management Tools.tbx\UpdateSchema" Date="20211107" Time="010419">UpdateSchema "CIMDATA=&lt;CIMStandardDataConnection xsi:type='typens:CIMStandardDataConnection' xmlns:xsi='http://www.w3.org/2001/XMLSchema-instance' xmlns:xs='http://www.w3.org/2001/XMLSchema' xmlns:typens='http://www.esri.com/schemas/ArcGIS/2.8.0'&gt;&lt;WorkspaceConnectionString&gt;DATABASE=C:\Users\avagnoz\Desktop\Updated_Precinct_Cleaning\shapefile&lt;/WorkspaceConnectionString&gt;&lt;WorkspaceFactory&gt;Shapefile&lt;/WorkspaceFactory&gt;&lt;Dataset&gt;SC_Precincts_2021_v7.shp&lt;/Dataset&gt;&lt;DatasetType&gt;esriDTFeatureClass&lt;/DatasetType&gt;&lt;/CIMStandardDataConnection&gt;" &lt;operationSequence&gt;&lt;workflow&gt;&lt;AddField&gt;&lt;field_name&gt;SenPlan&lt;/field_name&gt;&lt;field_type&gt;LONG&lt;/field_type&gt;&lt;field_is_nullable&gt;False&lt;/field_is_nullable&gt;&lt;field_is_required&gt;False&lt;/field_is_required&gt;&lt;/AddField&gt;&lt;/workflow&gt;&lt;/operationSequence&gt;</Process><Process ToolSource="c:\program files\arcgis\pro\Resources\ArcToolbox\Toolboxes\Data Management Tools.tbx\UpdateSchema" Date="20211108" Time="204038">UpdateSchema "CIMDATA=&lt;CIMStandardDataConnection xsi:type='typens:CIMStandardDataConnection' xmlns:xsi='http://www.w3.org/2001/XMLSchema-instance' xmlns:xs='http://www.w3.org/2001/XMLSchema' xmlns:typens='http://www.esri.com/schemas/ArcGIS/2.8.0'&gt;&lt;WorkspaceConnectionString&gt;DATABASE=C:\Users\avagnoz\Desktop\Updated_Precinct_Cleaning\shapefile&lt;/WorkspaceConnectionString&gt;&lt;WorkspaceFactory&gt;Shapefile&lt;/WorkspaceFactory&gt;&lt;Dataset&gt;SC_Precincts_2021_v7&lt;/Dataset&gt;&lt;DatasetType&gt;esriDTFeatureClass&lt;/DatasetType&gt;&lt;/CIMStandardDataConnection&gt;" &lt;operationSequence&gt;&lt;workflow&gt;&lt;DeleteField&gt;&lt;field_name&gt;PSN_1&lt;/field_name&gt;&lt;/DeleteField&gt;&lt;/workflow&gt;&lt;/operationSequence&gt;</Process><Process ToolSource="c:\program files\arcgis\pro\Resources\ArcToolbox\toolboxes\Data Management Tools.tbx\UpdateSchema" Date="20211108" Time="210342">UpdateSchema "CIMDATA=&lt;CIMStandardDataConnection xsi:type='typens:CIMStandardDataConnection' xmlns:xsi='http://www.w3.org/2001/XMLSchema-instance' xmlns:xs='http://www.w3.org/2001/XMLSchema' xmlns:typens='http://www.esri.com/schemas/ArcGIS/2.8.0'&gt;&lt;WorkspaceConnectionString&gt;DATABASE=C:\Users\avagnoz\Desktop\Updated_Precinct_Cleaning\shapefile&lt;/WorkspaceConnectionString&gt;&lt;WorkspaceFactory&gt;Shapefile&lt;/WorkspaceFactory&gt;&lt;Dataset&gt;SC_Precincts_2021_v7&lt;/Dataset&gt;&lt;DatasetType&gt;esriDTFeatureClass&lt;/DatasetType&gt;&lt;/CIMStandardDataConnection&gt;" &lt;operationSequence&gt;&lt;workflow&gt;&lt;AddField&gt;&lt;field_name&gt;HousePlan&lt;/field_name&gt;&lt;field_type&gt;LONG&lt;/field_type&gt;&lt;field_is_nullable&gt;False&lt;/field_is_nullable&gt;&lt;field_is_required&gt;False&lt;/field_is_required&gt;&lt;/AddField&gt;&lt;/workflow&gt;&lt;/operationSequence&gt;</Process></lineage><itemProps><itemName Sync="TRUE">SC_Precincts_2021_v7</itemName><imsContentType Sync="TRUE">002</imsContentType><itemLocation><linkage Sync="TRUE">file://\\MASS-X1Y2VAGNOZ\C$\Users\avagnoz\Desktop\Updated_Precinct_Cleaning\shapefile\SC_Precincts_2021_v7.shp</linkage><protocol Sync="TRUE">Local Area Network</protocol></itemLocation><itemSize Sync="TRUE">0.000</itemSize></itemProps><coordRef><type Sync="TRUE">Geographic</type><geogcsn Sync="TRUE">GCS_North_American_1983</geogcsn><csUnits Sync="TRUE">Angular Unit: Degree (0.017453)</csUnits><peXml Sync="TRUE">&lt;GeographicCoordinateSystem xsi:type='typens:GeographicCoordinateSystem' xmlns:xsi='http://www.w3.org/2001/XMLSchema-instance' xmlns:xs='http://www.w3.org/2001/XMLSchema' xmlns:typens='http://www.esri.com/schemas/ArcGIS/2.8.0'&gt;&lt;WKT&gt;GEOGCS[&amp;quot;GCS_North_American_1983&amp;quot;,DATUM[&amp;quot;D_North_American_1983&amp;quot;,SPHEROID[&amp;quot;GRS_1980&amp;quot;,6378137.0,298.257222101]],PRIMEM[&amp;quot;Greenwich&amp;quot;,0.0],UNIT[&amp;quot;Degree&amp;quot;,0.0174532925199433],AUTHORITY[&amp;quot;EPSG&amp;quot;,4269]]&lt;/WKT&gt;&lt;XOrigin&gt;-400&lt;/XOrigin&gt;&lt;YOrigin&gt;-400&lt;/YOrigin&gt;&lt;XYScale&gt;11258999068426.238&lt;/XYScale&gt;&lt;ZOrigin&gt;-100000&lt;/ZOrigin&gt;&lt;ZScale&gt;10000&lt;/ZScale&gt;&lt;MOrigin&gt;-100000&lt;/MOrigin&gt;&lt;MScale&gt;10000&lt;/MScale&gt;&lt;XYTolerance&gt;8.983152841195215e-09&lt;/XYTolerance&gt;&lt;ZTolerance&gt;0.001&lt;/ZTolerance&gt;&lt;MTolerance&gt;0.001&lt;/MTolerance&gt;&lt;HighPrecision&gt;true&lt;/HighPrecision&gt;&lt;LeftLongitude&gt;-180&lt;/LeftLongitude&gt;&lt;WKID&gt;4269&lt;/WKID&gt;&lt;LatestWKID&gt;4269&lt;/LatestWKID&gt;&lt;/GeographicCoordinateSystem&gt;</peXml></coordRef></DataProperties><SyncDate>20211107</SyncDate><SyncTime>00324800</SyncTime><ModDate>20211107</ModDate><ModTime>00324800</ModTime></Esri><dataIdInfo><envirDesc Sync="TRUE">Microsoft Windows 10 Version 10.0 (Build 19042) ; Esri ArcGIS 12.8.3.29751</envirDesc><dataLang><languageCode value="eng" Sync="TRUE"></languageCode><countryCode value="USA" Sync="TRUE"></countryCode></dataLang><idCitation><resTitle Sync="TRUE">SC_Precincts_2021_v7</resTitle><presForm><PresFormCd value="005" Sync="TRUE"></PresFormCd></presForm></idCitation><spatRpType><SpatRepTypCd value="001" Sync="TRUE"></SpatRepTypCd></spatRpType></dataIdInfo><mdLang><languageCode value="eng" Sync="TRUE"></languageCode><countryCode value="USA" Sync="TRUE"></countryCode></mdLang><distInfo><distFormat><formatName Sync="TRUE">Shapefile</formatName></distFormat><distTranOps><transSize Sync="TRUE">0.000</transSize></distTranOps></distInfo><mdHrLv><ScopeCd value="005" Sync="TRUE"></ScopeCd></mdHrLv><mdHrLvName Sync="TRUE">dataset</mdHrLvName><refSysInfo><RefSystem><refSysID><identCode code="4269" Sync="TRUE"></identCode><idCodeSpace Sync="TRUE">EPSG</idCodeSpace><idVersion Sync="TRUE">6.5(3.0.1)</idVersion></refSysID></RefSystem></refSysInfo><spatRepInfo><VectSpatRep><geometObjs Name="SC_Precincts_2021_v7"><geoObjTyp><GeoObjTypCd value="002" Sync="TRUE"></GeoObjTypCd></geoObjTyp><geoObjCnt Sync="TRUE">0</geoObjCnt></geometObjs><topLvl><TopoLevCd value="001" Sync="TRUE"></TopoLevCd></topLvl></VectSpatRep></spatRepInfo><spdoinfo><ptvctinf><esriterm Name="SC_Precincts_2021_v7"><efeatyp Sync="TRUE">Simple</efeatyp><efeageom code="4" Sync="TRUE"></efeageom><esritopo Sync="TRUE">FALSE</esritopo><efeacnt Sync="TRUE">0</efeacnt><spindex Sync="TRUE">FALSE</spindex><linrefer Sync="TRUE">FALSE</linrefer></esriterm></ptvctinf></spdoinfo><eainfo><detailed Name="SC_Precincts_2021_v7"><enttyp><enttypl Sync="TRUE">SC_Precincts_2021_v7</enttypl><enttypt Sync="TRUE">Feature Class</enttypt><enttypc Sync="TRUE">0</enttypc></enttyp><attr><attrlabl Sync="TRUE">FID</attrlabl><attalias Sync="TRUE">FID</attalias><attrtype Sync="TRUE">OID</attrtype><attwidth Sync="TRUE">4</attwidth><atprecis Sync="TRUE">0</atprecis><attscale Sync="TRUE">0</attscale><attrdef Sync="TRUE">Internal feature number.</attrdef><attrdefs Sync="TRUE">Esri</attrdefs><attrdomv><udom Sync="TRUE">Sequential unique whole numbers that are automatically generated.</udom></attrdomv></attr><attr><attrlabl Sync="TRUE">Shape</attrlabl><attalias Sync="TRUE">Shape</attalias><attrtype Sync="TRUE">Geometry</attrtype><attwidth Sync="TRUE">0</attwidth><atprecis Sync="TRUE">0</atprecis><attscale Sync="TRUE">0</attscale><attrdef Sync="TRUE">Feature geometry.</attrdef><attrdefs Sync="TRUE">Esri</attrdefs><attrdomv><udom Sync="TRUE">Coordinates defining the features.</udom></attrdomv></attr><attr><attrlabl Sync="TRUE">ID</attrlabl><attalias Sync="TRUE">ID</attalias><attrtype Sync="TRUE">Double</attrtype><attwidth Sync="TRUE">19</attwidth><atprecis Sync="TRUE">0</atprecis><attscale Sync="TRUE">0</attscale></attr><attr><attrlabl Sync="TRUE">VTD</attrlabl><attalias Sync="TRUE">VTD</attalias><attrtype Sync="TRUE">String</attrtype><attwidth Sync="TRUE">11</attwidth><atprecis Sync="TRUE">0</atprecis><attscale Sync="TRUE">0</attscale></attr><attr><attrlabl Sync="TRUE">COUNTY</attrlabl><attalias Sync="TRUE">COUNTY</attalias><attrtype Sync="TRUE">String</attrtype><attwidth Sync="TRUE">5</attwidth><atprecis Sync="TRUE">0</atprecis><attscale Sync="TRUE">0</attscale></attr><attr><attrlabl Sync="TRUE">STATE</attrlabl><attalias Sync="TRUE">STATE</attalias><attrtype Sync="TRUE">String</attrtype><attwidth Sync="TRUE">2</attwidth><atprecis Sync="TRUE">0</atprecis><attscale Sync="TRUE">0</attscale></attr><attr><attrlabl Sync="TRUE">NAME</attrlabl><attalias Sync="TRUE">NAME</attalias><attrtype Sync="TRUE">String</attrtype><attwidth Sync="TRUE">34</attwidth><atprecis Sync="TRUE">0</atprecis><attscale Sync="TRUE">0</attscale></attr><attr><attrlabl Sync="TRUE">POPULATION</attrlabl><attalias Sync="TRUE">POPULATION</attalias><attrtype Sync="TRUE">Integer</attrtype><attwidth Sync="TRUE">10</attwidth><atprecis Sync="TRUE">10</atprecis><attscale Sync="TRUE">0</attscale></attr><attr><attrlabl Sync="TRUE">PSN</attrlabl><attalias Sync="TRUE">PSN</attalias><attrtype Sync="TRUE">Double</attrtype><attwidth Sync="TRUE">19</attwidth><atprecis Sync="TRUE">0</atprecis><attscale Sync="TRUE">0</attscale></attr><attr><attrlabl Sync="TRUE">CountyName</attrlabl><attalias Sync="TRUE">CountyName</attalias><attrtype Sync="TRUE">String</attrtype><attwidth Sync="TRUE">254</attwidth><atprecis Sync="TRUE">0</atprecis><attscale Sync="TRUE">0</attscale></attr><attr><attrlabl Sync="TRUE">Reg_Voters</attrlabl><attalias Sync="TRUE">Reg_Voters</attalias><attrtype Sync="TRUE">Double</attrtype><attwidth Sync="TRUE">19</attwidth><atprecis Sync="TRUE">0</atprecis><attscale Sync="TRUE">0</attscale></attr><attr><attrlabl Sync="TRUE">PresBlue</attrlabl><attalias Sync="TRUE">PresBlue</attalias><attrtype Sync="TRUE">Double</attrtype><attwidth Sync="TRUE">19</attwidth><atprecis Sync="TRUE">0</atprecis><attscale Sync="TRUE">0</attscale></attr><attr><attrlabl Sync="TRUE">PresRed</attrlabl><attalias Sync="TRUE">PresRed</attalias><attrtype Sync="TRUE">Double</attrtype><attwidth Sync="TRUE">19</attwidth><atprecis Sync="TRUE">0</atprecis><attscale Sync="TRUE">0</attscale></attr><attr><attrlabl Sync="TRUE">PresOther</attrlabl><attalias Sync="TRUE">PresOther</attalias><attrtype Sync="TRUE">Double</attrtype><attwidth Sync="TRUE">19</attwidth><atprecis Sync="TRUE">0</atprecis><attscale Sync="TRUE">0</attscale></attr><attr><attrlabl Sync="TRUE">SenBlue</attrlabl><attalias Sync="TRUE">SenBlue</attalias><attrtype Sync="TRUE">Double</attrtype><attwidth Sync="TRUE">19</attwidth><atprecis Sync="TRUE">0</atprecis><attscale Sync="TRUE">0</attscale></attr><attr><attrlabl Sync="TRUE">SenRed</attrlabl><attalias Sync="TRUE">SenRed</attalias><attrtype Sync="TRUE">Double</attrtype><attwidth Sync="TRUE">19</attwidth><atprecis Sync="TRUE">0</atprecis><attscale Sync="TRUE">0</attscale></attr><attr><attrlabl Sync="TRUE">SenOther</attrlabl><attalias Sync="TRUE">SenOther</attalias><attrtype Sync="TRUE">Double</attrtype><attwidth Sync="TRUE">19</attwidth><atprecis Sync="TRUE">0</atprecis><attscale Sync="TRUE">0</attscale></attr><attr><attrlabl Sync="TRUE">Pct_Area</attrlabl><attalias Sync="TRUE">Pct_Area</attalias><attrtype Sync="TRUE">Double</attrtype><attwidth Sync="TRUE">19</attwidth><atprecis Sync="TRUE">0</atprecis><attscale Sync="TRUE">0</attscale></attr><attr><attrlabl Sync="TRUE">Pct_Perim</attrlabl><attalias Sync="TRUE">Pct_Perim</attalias><attrtype Sync="TRUE">Double</attrtype><attwidth Sync="TRUE">19</attwidth><atprecis Sync="TRUE">0</atprecis><attscale Sync="TRUE">0</attscale></attr><attr><attrlabl Sync="TRUE">PSN_1</attrlabl><attalias Sync="TRUE">PSN_1</attalias><attrtype Sync="TRUE">Integer</attrtype><attwidth Sync="TRUE">10</attwidth><atprecis Sync="TRUE">10</atprecis><attscale Sync="TRUE">0</attscale></attr><attr><attrlabl Sync="TRUE">Cong2011</attrlabl><attalias Sync="TRUE">Cong2011</attalias><attrtype Sync="TRUE">Integer</attrtype><attwidth Sync="TRUE">10</attwidth><atprecis Sync="TRUE">10</atprecis><attscale Sync="TRUE">0</attscale></attr><attr><attrlabl Sync="TRUE">Sen2011</attrlabl><attalias Sync="TRUE">Sen2011</attalias><attrtype Sync="TRUE">Integer</attrtype><attwidth Sync="TRUE">10</attwidth><atprecis Sync="TRUE">10</atprecis><attscale Sync="TRUE">0</attscale></attr><attr><attrlabl Sync="TRUE">House2011</attrlabl><attalias Sync="TRUE">House2011</attalias><attrtype Sync="TRUE">Integer</attrtype><attwidth Sync="TRUE">10</attwidth><atprecis Sync="TRUE">10</atprecis><attscale Sync="TRUE">0</attscale></attr><attr><attrlabl Sync="TRUE">Cong2021</attrlabl><attalias Sync="TRUE">Cong2021</attalias><attrtype Sync="TRUE">Integer</attrtype><attwidth Sync="TRUE">10</attwidth><atprecis Sync="TRUE">10</atprecis><attscale Sync="TRUE">0</attscale></attr><attr><attrlabl Sync="TRUE">Sen2021</attrlabl><attalias Sync="TRUE">Sen2021</attalias><attrtype Sync="TRUE">Integer</attrtype><attwidth Sync="TRUE">10</attwidth><atprecis Sync="TRUE">10</atprecis><attscale Sync="TRUE">0</attscale></attr><attr><attrlabl Sync="TRUE">House2021</attrlabl><attalias Sync="TRUE">House2021</attalias><attrtype Sync="TRUE">Integer</attrtype><attwidth Sync="TRUE">10</attwidth><atprecis Sync="TRUE">10</atprecis><attscale Sync="TRUE">0</attscale></attr><attr><attrlabl Sync="TRUE">Shape_Leng</attrlabl><attalias Sync="TRUE">Shape_Leng</attalias><attrtype Sync="TRUE">Double</attrtype><attwidth Sync="TRUE">19</attwidth><atprecis Sync="TRUE">0</atprecis><attscale Sync="TRUE">0</attscale></attr><attr><attrlabl Sync="TRUE">Shape_Area</attrlabl><attalias Sync="TRUE">Shape_Area</attalias><attrtype Sync="TRUE">Double</attrtype><attwidth Sync="TRUE">19</attwidth><atprecis Sync="TRUE">0</atprecis><attscale Sync="TRUE">0</attscale><attrdef Sync="TRUE">Area of feature in internal units squared.</attrdef><attrdefs Sync="TRUE">Esri</attrdefs><attrdomv><udom Sync="TRUE">Positive real numbers that are automatically generated.</udom></attrdomv></attr></detailed></eainfo><mdDateSt Sync="TRUE">20211107</mdDateSt></metadata>
